,x1,x2,x3,x4,x5,x6,x7,x8,x9,x10,x11,x12,x13,x14,x15,x16,x17,x18,x19,x20,x21,x22
1,49.199,2631.9,24.991,52.362,3101.8,23.191,65.694,230.03,341.56,94.73,77.216,32.188,8.8933,26.383,6.882,18.776,1.6567,32.958,13.823,23.978,1.2565,18.579
2,50.281,2633.2,27.12,49.838,3101.6,21.912,65.677,228.23,341.55,94.563,77.277,32.188,8.8933,26.383,6.882,18.776,1.6567,32.958,13.823,23.978,1.2565,18.579
3,51.839,2635.1,26.465,50.223,3104,22.676,65.695,231.4,341.7,94.652,77.594,32.005,9.169,26.428,6.7949,19.149,1.6625,32.628,13.854,24.234,1.2476,18.47
4,50.604,2636.6,25.977,48.526,3105.6,23.61,65.743,231.26,341.37,94.464,77.584,32.005,9.169,26.428,6.7949,19.149,1.6625,32.628,13.854,24.234,1.2476,18.47
5,48.721,2639.2,25.821,50.132,3106.7,22.547,65.786,232.05,341.86,94.44,77.67,32.175,8.8893,26.778,6.8241,18.954,1.6442,32.516,13.942,23.592,1.2293,18.738
6,49.279,2636.7,24.893,46.774,3105.4,22.069,65.851,230.7,341.97,94.406,77.149,32.175,8.8893,26.778,6.8241,18.954,1.6442,32.516,13.942,23.592,1.2293,18.738
7,48.636,2632.4,25.293,47.786,3100.3,23.491,65.786,227.97,341.87,94.507,76.782,32.09,8.8633,26.242,6.9141,18.448,1.6231,32.862,13.687,24.212,1.2379,18.668
8,50.492,2630.7,24.904,50.224,3099.7,24.1,65.732,231.89,341.71,94.657,77.239,32.09,8.8633,26.242,6.9141,18.448,1.6231,32.862,13.687,24.212,1.2379,18.668
9,49.319,2632.9,26.497,50.51,3101.9,23.03,65.717,228.92,341.63,94.507,77.059,32.002,8.8418,26.702,7.0362,18.406,1.6068,32.888,13.858,24.258,1.1964,18.722
10,50.809,2634.7,25.53,50.821,3101.4,23.141,65.705,231.48,341.82,94.566,77.567,32.002,8.8418,26.702,7.0362,18.406,1.6068,32.888,13.858,24.258,1.1964,18.722
11,51.776,2634.8,23.849,48.926,3101.7,23.276,65.732,231.82,341.66,94.656,77.152,32.037,8.9521,26.15,6.9342,18.786,1.6422,32.817,13.793,24.742,1.2387,18.283
12,49.624,2634.3,25.655,51.723,3103.2,22.617,65.747,231.36,341.89,94.691,77.256,32.037,8.9521,26.15,6.9342,18.786,1.6422,32.817,13.793,24.742,1.2387,18.283
13,48.835,2635.4,24.444,51.212,3103,22.591,65.734,230.31,342.02,94.708,77.192,32.052,8.939,26.228,6.9534,18.594,1.6513,33.398,14.016,23.99,1.2898,18.412
14,50.491,2637.7,24.004,48.766,3104.1,23.268,65.72,230.73,342.46,94.647,77.477,32.052,8.939,26.228,6.9534,18.594,1.6513,33.398,14.016,23.99,1.2898,18.412
15,48.285,2637.9,23.522,50.091,3104.6,23.082,65.716,231.97,342.47,94.598,77.497,32.562,8.8674,26.658,6.9129,18.751,1.6175,33.102,13.918,23.658,1.2867,18.658
16,48.362,2635.7,24.713,50.264,3104.7,22.487,65.725,231.78,342.22,94.69,77.235,32.562,8.8674,26.658,6.9129,18.751,1.6175,33.102,13.918,23.658,1.2867,18.658
17,50.058,2638,24.27,51.026,3103.5,22.79,65.717,231.89,342.75,94.567,77.64,32.318,8.8394,26.24,6.984,18.133,1.6446,32.854,13.788,23.784,1.1506,19.103
18,49.073,2634.1,24.981,49.213,3103,23.874,65.74,230.74,342.31,94.775,76.822,32.318,8.8394,26.24,6.984,18.133,1.6446,32.854,13.788,23.784,1.1506,19.103
19,50.08,2635.3,23.263,48.613,3102.4,24.886,65.697,231.15,342.64,94.645,77.263,32.397,9.1997,26.763,6.7723,18.832,1.6556,33.375,13.734,23.66,1.2299,18.368
20,49.423,2636.3,26.819,49.752,3102.9,22.999,65.683,232.99,342.19,94.682,77.049,32.397,9.1997,26.763,6.7723,18.832,1.6556,33.375,13.734,23.66,1.2299,18.368
21,50.348,2634.5,25.266,49.527,3103.5,22.407,65.655,231.66,342.24,94.589,76.943,32.54,8.8357,26.294,6.8708,19.414,1.6833,32.974,13.78,24.021,1.2851,18.379
22,51.238,2636.3,24.849,48.619,3103.9,23.954,65.655,231.51,342.01,94.599,77.766,32.54,8.8357,26.294,6.8708,19.414,1.6833,32.974,13.78,24.021,1.2851,18.379
23,50.757,2638.1,24.612,50.834,3104.8,22.541,65.745,232.41,341.98,94.466,77.333,32.375,8.9977,26.272,6.9223,18.512,1.6089,33.056,13.871,24.277,1.2936,18.859
24,47.178,2635.5,25.786,51.013,3102.2,22.966,65.834,233.02,341.95,94.564,77.075,32.375,8.9977,26.272,6.9223,18.512,1.6089,33.056,13.871,24.277,1.2936,18.859
25,48.189,2633,25.073,51.684,3100.1,23.402,65.882,232.9,341.44,94.706,76.992,32.444,8.7133,25.793,6.9128,18.894,1.6388,32.785,13.867,24.142,1.2239,18.259
26,50.338,2632.9,24.417,49.548,3100.7,22.435,65.821,233.03,341.95,94.631,77.139,32.444,8.7133,25.793,6.9128,18.894,1.6388,32.785,13.867,24.142,1.2239,18.259
27,49.974,2630.7,25.2,48.842,3098.9,23.068,65.757,231.22,341.83,94.821,76.865,32.409,8.8258,26.574,6.6607,18.85,1.6718,32.896,13.908,23.737,1.3376,18.38
28,50.885,2630.1,25.063,49.115,3096.7,22.628,65.663,231.18,341.3,94.77,77.232,32.409,8.8258,26.574,6.6607,18.85,1.6718,32.896,13.908,23.737,1.3376,18.38
29,49.157,2631.8,24.054,48.314,3099.5,22.541,65.64,229.99,341.69,94.676,77.533,31.83,8.8142,26.909,6.9933,18.499,1.6898,32.751,13.826,23.413,1.1295,18.575
30,50.635,2632.8,22.955,48.929,3101.7,23.08,65.619,227.88,340.91,94.37,77.675,31.83,8.8142,26.909,6.9933,18.499,1.6898,32.751,13.826,23.413,1.1295,18.575
31,48.793,2632.5,26.076,51.593,3102.7,23.445,65.673,225.58,340.61,94.606,77.456,31.729,9.0073,26.626,6.775,18.983,1.6522,33.046,13.66,23.846,1.2248,18.543
32,50.79,2633.3,23.869,50.999,3103.7,22.58,65.733,228.04,340.61,94.65,77.474,31.729,9.0073,26.626,6.775,18.983,1.6522,33.046,13.66,23.846,1.2248,18.543
33,51.852,2633.5,24.129,49.331,3103.2,22.69,65.686,226.73,340.87,94.607,77.122,32.123,8.8664,26.702,6.783,18.589,1.6342,32.738,13.841,23.825,1.2844,18.748
34,48.448,2634.2,25.561,50.169,3102.7,22.808,65.628,228.91,341.37,94.567,77.367,32.123,8.8664,26.702,6.783,18.589,1.6342,32.738,13.841,23.825,1.2844,18.748
35,51.161,2635,23.02,50.269,3103.4,23.401,65.599,227.74,341.42,94.461,77.232,32.394,8.7693,26.551,6.7232,18.772,1.6757,33.239,13.838,23.721,1.2565,18.585
36,50.336,2635.9,24.181,50.55,3104,22.43,65.611,227.1,341.21,94.503,77.457,32.394,8.7693,26.551,6.7232,18.772,1.6757,33.239,13.838,23.721,1.2565,18.585
37,49.767,2635.8,24.99,49.116,3103.4,22.984,65.679,226.62,341.18,94.313,77.533,31.737,9.026,26.16,6.8827,18.823,1.6048,32.738,13.798,23.933,1.3389,18.82
38,49.72,2632.5,24.629,49.685,3102.7,22.701,65.722,227.1,340.83,94.468,77.217,31.737,9.026,26.16,6.8827,18.823,1.6048,32.738,13.798,23.933,1.3389,18.82
39,49.752,2629.8,26.134,48.983,3100.3,22.368,65.724,227.62,340.7,94.393,77.064,32.423,8.7191,26.318,6.813,18.523,1.6513,33.002,13.806,24.347,1.3069,18.64
40,50.639,2631.2,26.658,50.8,3099.3,23.252,65.662,226.97,341.21,94.636,77.506,32.423,8.7191,26.318,6.813,18.523,1.6513,33.002,13.806,24.347,1.3069,18.64
41,49.515,2631.6,24.839,50.038,3099.9,23.652,65.665,228.04,341.09,94.446,77.392,32.595,8.7433,26.938,7.0174,19.049,1.6857,33.11,13.979,24.081,1.3958,18.43
42,48.41,2630.2,25.858,49.608,3100.4,23.801,65.716,226.74,340.52,94.61,77.534,32.595,8.7433,26.938,7.0174,19.049,1.6857,33.11,13.979,24.081,1.3958,18.43
43,52.026,2627.4,26.105,49.32,3098,22.55,65.749,227.93,340.43,94.634,77.27,32.058,8.8263,26.149,7.055,18.879,1.6752,33.02,13.819,24.031,1.2392,18.88
44,51.265,2625.6,23.928,50.649,3095.6,22.841,65.735,227.85,340.26,94.721,77.106,32.058,8.8263,26.149,7.055,18.879,1.6752,33.02,13.819,24.031,1.2392,18.88
45,49.163,2626.6,26.063,50.478,3096.7,23.163,65.699,226.58,340.19,94.886,77.234,32.406,8.8777,26.464,6.7509,18.854,1.6611,32.744,13.902,23.975,1.2495,18.955
46,50.268,2629.7,26.229,49.158,3097.8,22.73,65.645,228.11,341.03,94.824,77.358,32.406,8.8777,26.464,6.7509,18.854,1.6611,32.744,13.902,23.975,1.2495,18.955
47,51.646,2631.1,23.947,49.887,3100.2,23.013,65.637,227.54,340.07,94.737,77.59,31.77,8.8828,26.343,6.862,18.998,1.6775,33.358,13.887,23.735,1.2593,18.979
48,50.635,2630.7,26.234,48.331,3100.5,22.858,65.648,223.87,340.59,94.502,77.489,31.77,8.8828,26.343,6.862,18.998,1.6775,33.358,13.887,23.735,1.2593,18.979
49,50.503,2631.7,26.173,51.375,3102.8,22.179,65.678,225.12,340.1,94.557,77.707,32.404,8.7478,26.226,6.9108,18.53,1.6476,32.838,13.785,23.817,1.2236,19.199
50,50.511,2631,25.387,48.29,3102.3,22.075,65.705,224.83,339.86,94.514,77.144,32.404,8.7478,26.226,6.9108,18.53,1.6476,32.838,13.785,23.817,1.2236,19.199
51,50.364,2627.3,24.346,49.867,3098.3,23.298,65.642,226.45,340.39,94.659,77.005,32.327,8.9034,26.158,6.8898,18.701,1.6645,32.91,13.752,24.393,1.2446,18.778
52,51.395,2627.9,26.068,51.202,3097.3,22.569,65.569,225.75,340.36,94.679,76.96,32.327,8.9034,26.158,6.8898,18.701,1.6645,32.91,13.752,24.393,1.2446,18.778
53,49.263,2628.8,26.263,50.152,3099.5,23.212,65.545,225.74,340.19,94.631,77.322,31.943,8.8006,26.333,7.0113,18.999,1.6314,32.481,13.728,24.016,1.1645,19.409
54,48.604,2632.3,25.602,51.007,3101.9,23.282,65.601,226.75,340.13,94.668,77.364,31.943,8.8006,26.333,7.0113,18.999,1.6314,32.481,13.728,24.016,1.1645,19.409
55,50.499,2631.3,23.66,50.959,3102.5,22.575,65.64,223.97,340.03,94.617,77.363,31.961,8.9983,25.827,6.9297,18.457,1.691,32.904,13.825,23.851,1.1681,18.89
56,51.101,2630.5,23.591,49.464,3101.5,22.468,65.642,225.74,340.31,94.689,77.465,31.961,8.9983,25.827,6.9297,18.457,1.691,32.904,13.825,23.851,1.1681,18.89
57,51.285,2633.7,24.97,52.199,3103.8,23.465,65.645,229.85,340.47,94.65,77.482,32.137,8.9357,26.665,7.0072,19.006,1.6422,33.048,13.807,24.242,1.1424,18.626
58,48.418,2634.5,24.601,48.827,3105.7,23.04,65.696,229.63,340.19,94.608,77.114,32.137,8.9357,26.665,7.0072,19.006,1.6422,33.048,13.807,24.242,1.1424,18.626
59,50.256,2635.1,25.245,50.294,3103.8,22.623,65.734,228.42,341.13,94.731,77.332,32.22,8.8874,26.64,6.8212,18.479,1.6088,32.733,13.934,23.764,1.3345,18.513
60,51.427,2633.6,25.244,51.309,3103.8,22.8,65.709,229.21,340.9,94.61,77.182,32.22,8.8874,26.64,6.8212,18.479,1.6088,32.733,13.934,23.764,1.3345,18.513
61,51.434,2633.2,25.383,51.905,3103.7,23.783,65.707,230.52,340.73,94.764,77.11,32.098,8.8483,26.249,6.9262,19.08,1.6088,32.747,13.822,23.796,1.1472,18.826
62,49.329,2633.6,24.744,49.674,3104.6,23.205,65.671,227.9,340.64,94.497,77.387,32.098,8.8483,26.249,6.9262,19.08,1.6088,32.747,13.822,23.796,1.1472,18.826
63,50.588,2633.9,24.796,50.606,3103.6,23.092,65.688,228.74,340.93,94.667,77.597,32.323,8.9793,26.326,6.9209,18.966,1.6395,32.7,13.709,24.051,1.1581,18.624
64,50.027,2635.1,25.71,50.876,3103.1,22.505,65.702,226.36,340.9,94.668,77.322,32.323,8.9793,26.326,6.9209,18.966,1.6395,32.7,13.709,24.051,1.1581,18.624
65,49.78,2632.9,24.032,49.273,3102.4,22.575,65.706,227.77,341.05,94.621,76.978,32.114,8.9941,26.907,6.7887,18.882,1.6531,32.943,13.872,24.262,1.1943,18.582
66,51.215,2630.2,23.43,50.013,3100.1,22.048,65.676,229.55,340.74,94.702,76.912,32.114,8.9941,26.907,6.7887,18.882,1.6531,32.943,13.872,24.262,1.1943,18.582
67,49.677,2631.8,26.503,50.047,3100.9,22.631,65.599,232.33,341.19,94.61,77.488,32.543,8.9389,26.239,6.9654,19.064,1.6688,32.951,13.917,23.751,1.1676,18.605
68,48.632,2632.3,25.226,49.082,3103.2,23.625,65.612,232.29,341.1,94.582,77.417,32.543,8.9389,26.239,6.9654,19.064,1.6688,32.951,13.917,23.751,1.1676,18.605
69,50.304,2634.4,26.118,47.996,3101.5,21.022,65.649,228.41,341.23,94.519,77.794,32.158,8.9484,26.405,6.7725,18.888,1.6981,33.16,13.844,24.014,1.33,19.114
70,49.454,2633.9,24.765,52.049,3101.4,22.767,65.708,229.4,340.76,94.812,77.528,32.158,8.9484,26.405,6.7725,18.888,1.6981,33.16,13.844,24.014,1.33,19.114
71,49.675,2632.7,24.873,52.058,3102.4,22.897,65.731,229.21,340.98,94.522,77.271,32.126,8.7805,26.441,6.8214,19.116,1.6512,33.086,13.851,23.978,1.3031,18.352
72,50.605,2633.5,27.473,51.256,3102.3,22.969,65.72,230.32,341.12,94.619,77.263,32.126,8.7805,26.441,6.8214,19.116,1.6512,33.086,13.851,23.978,1.3031,18.352
73,51.633,2632.7,25.581,49.989,3101.6,22.353,65.68,230.32,341.11,94.481,77.358,31.995,8.938,26.717,7.0425,18.731,1.6848,32.865,13.96,24.102,1.373,18.704
74,48.282,2632.3,27.382,49.282,3101.2,23.571,65.684,229.87,341.2,94.612,77.29,31.995,8.938,26.717,7.0425,18.731,1.6848,32.865,13.96,24.102,1.373,18.704
75,49.812,2631.8,24.054,50.32,3101.7,21.96,65.682,233.24,341.13,94.73,77.321,32.33,8.8904,26.79,6.8122,19.034,1.6535,32.984,13.988,24.115,1.3768,18.477
76,50.099,2634.7,26.006,49.731,3101.7,22.67,65.67,231.28,342.04,94.622,77.249,32.33,8.8904,26.79,6.8122,19.034,1.6535,32.984,13.988,24.115,1.3768,18.477
77,51.521,2636.5,26.479,50.145,3104.4,23.24,65.688,232.83,341.87,94.71,77.657,32.112,8.9484,26.796,6.9824,18.741,1.6471,33.62,13.858,24.095,1.2907,18.226
78,49.414,2638,26.268,50.706,3105.7,22.02,65.749,231.14,341.73,94.558,77.564,32.112,8.9484,26.796,6.9824,18.741,1.6471,33.62,13.858,24.095,1.2907,18.226
79,48.528,2636.1,24.724,49.091,3105.8,23.315,65.793,233.14,341.32,94.621,77.266,32.342,8.9135,26.622,6.9789,18.194,1.6602,33.086,13.712,23.975,1.2497,18.358
80,50.707,2638.3,25.199,49.705,3105.8,22.766,65.766,231.73,341.94,94.692,77.339,32.342,8.9135,26.622,6.9789,18.194,1.6602,33.086,13.712,23.975,1.2497,18.358
81,49.64,2639.4,26.399,49.404,3106.3,23.784,65.791,231.12,342.39,94.675,77.345,32.736,9.0659,26.224,6.8735,18.546,1.6655,33.561,13.76,23.993,1.2083,18.463
82,50.251,2640.2,26.533,50.816,3108.2,23.044,65.747,231.07,342.21,94.546,77.225,32.736,9.0659,26.224,6.8735,18.546,1.6655,33.561,13.76,23.993,1.2083,18.463
83,50.54,2641.5,24.841,48.801,3108.6,22.277,65.732,233.79,342.21,94.675,77.555,32.621,8.9873,26.51,6.9332,18.695,1.656,32.722,13.653,23.878,1.0459,18.367
84,50.446,2641.4,27.533,50.727,3109.4,23.173,65.733,231.98,342.15,94.536,77.222,32.621,8.9873,26.51,6.9332,18.695,1.656,32.722,13.653,23.878,1.0459,18.367
85,49.234,2643.8,25.261,49.851,3109.6,22.582,65.727,234.47,342.49,94.619,77.616,32.004,8.9765,26.592,6.6628,18.312,1.6016,33.127,13.959,23.958,1.2598,18.256
86,51.233,2642.4,24.072,49.987,3109.6,22.908,65.741,233.54,341.94,94.617,77.18,32.004,8.9765,26.592,6.6628,18.312,1.6016,33.127,13.959,23.958,1.2598,18.256
87,49.646,2642.5,23.865,49.462,3111.7,21.64,65.738,233.11,342.13,94.492,77.551,32.139,9.0319,26.488,6.8494,18.286,1.6367,33.076,13.791,23.975,1.4019,18.709
88,47.756,2641.4,23.317,48.667,3111,22.299,65.728,234.03,341.96,94.34,77.457,32.139,9.0319,26.488,6.8494,18.286,1.6367,33.076,13.791,23.975,1.4019,18.709
89,49.331,2639.4,25.99,50.121,3108.3,22.694,65.706,232.59,341.92,94.45,76.919,32.158,8.8767,26.843,7.086,18.536,1.6917,32.966,13.819,24.397,1.2024,18.368
90,49.609,2640.7,26.623,51.79,3109.1,23.302,65.671,232.33,341.58,94.527,77.319,32.158,8.8767,26.843,7.086,18.536,1.6917,32.966,13.819,24.397,1.2024,18.368
91,49.518,2641.5,25.956,51.136,3109.2,22.866,65.675,230.51,341.78,94.657,77.516,32.204,8.872,26.719,6.7581,18.151,1.6518,32.65,13.832,24.237,1.2632,18.11
92,49.208,2644.7,22.922,50.132,3111.4,23.238,65.712,232.01,341.66,94.697,77.352,32.204,8.872,26.719,6.7581,18.151,1.6518,32.65,13.832,24.237,1.2632,18.11
93,51.105,2644.8,24.86,48.293,3113.2,22.665,65.759,234.06,341.7,94.509,77.225,32.563,8.8397,26.673,6.7686,18.744,1.6626,32.9,13.801,24.265,1.1899,18.253
94,50.392,2643.1,23.885,49.274,3112.4,22.022,65.754,234.11,342.02,94.462,77.179,32.563,8.8397,26.673,6.7686,18.744,1.6626,32.9,13.801,24.265,1.1899,18.253
95,47.848,2640.5,25.876,50.881,3109.6,22.897,65.73,231.68,341.48,94.582,77.047,32.466,8.9844,26.472,6.7589,18.33,1.6489,32.832,13.755,24.091,1.2016,18.916
96,49.471,2639.8,25.027,51.815,3107.5,23.138,65.706,231.59,341.65,94.449,77.042,32.466,8.9844,26.472,6.7589,18.33,1.6489,32.832,13.755,24.091,1.2016,18.916
97,49.865,2637.5,25.651,50.429,3106.6,22.5,65.69,229.22,340.54,94.575,77.102,32.151,8.8897,26.661,6.9748,18.513,1.6194,32.956,13.561,24.664,1.208,18.043
98,49.986,2635.3,25.35,48.572,3105.8,24.204,65.659,232.63,340.2,94.601,77.071,32.151,8.8897,26.661,6.9748,18.513,1.6194,32.956,13.561,24.664,1.208,18.043
99,50.02,2635.5,24.678,50.771,3104.7,23.406,65.648,230.46,340.2,94.528,77.06,32.183,8.6256,26.472,6.885,19.25,1.63,33.277,13.647,24.134,1.1293,18.396
100,51.676,2634.8,25.189,49.972,3105.4,22.157,65.621,229.47,339.47,94.749,76.918,32.183,8.6256,26.472,6.885,19.25,1.63,33.277,13.647,24.134,1.1293,18.396
101,50.784,2635.1,24.82,50.592,3105.6,21.774,65.604,231.69,339.67,94.839,77.03,31.922,8.8022,26.487,6.9432,19.408,1.6691,32.07,13.68,24.074,1.2417,18.606
102,51.608,2635,26.724,49.936,3104.9,23.035,65.616,233.15,339.87,94.677,77.136,31.922,8.8022,26.487,6.9432,19.408,1.6691,32.07,13.68,24.074,1.2417,18.606
103,50.505,2634.8,25.791,49.528,3105.3,24.082,65.632,231.14,339.83,94.705,77.203,31.777,8.8025,26.4,6.8339,18.557,1.6471,32.198,13.697,24.566,1.4018,19.062
104,51.041,2635.9,24.815,50.257,3105.9,22.048,65.682,232.86,339.52,94.69,77.407,31.777,8.8025,26.4,6.8339,18.557,1.6471,32.198,13.697,24.566,1.4018,19.062
105,51.031,2637.6,24.551,49.414,3108.4,22.727,65.723,229.25,339.36,94.634,77.094,32.504,8.9362,26.685,6.7301,18.748,1.6053,32.667,13.755,24.119,1.2465,18.868
106,49.311,2636.5,24.768,49.607,3107.3,22.88,65.75,231.49,339.65,94.624,77.098,32.504,8.9362,26.685,6.7301,18.748,1.6053,32.667,13.755,24.119,1.2465,18.868
107,48.159,2634.5,27.152,51.834,3104.4,23.329,65.729,231.34,339.78,94.531,76.901,31.726,8.7556,26.767,7.029,18.533,1.6566,32.686,13.756,24.176,1.2209,18.764
108,50.478,2631.6,25.552,50.202,3103.3,22.329,65.737,230.5,338.95,94.608,77.032,31.726,8.7556,26.767,7.029,18.533,1.6566,32.686,13.756,24.176,1.2209,18.764
109,49.707,2629.9,25.759,49.272,3102.2,22.931,65.703,232.54,338.99,94.598,76.998,32.158,8.8583,26.361,6.9129,18.969,1.6528,32.578,13.885,23.848,1.3258,19.036
110,50.433,2632.1,26.612,50.864,3103.9,22.863,65.668,231.72,338.72,94.805,77.418,32.158,8.8583,26.361,6.9129,18.969,1.6528,32.578,13.885,23.848,1.3258,19.036
111,51.875,2633.6,25.596,51.064,3104.3,21.786,65.722,230.97,339.42,94.657,77.123,31.907,8.8834,26.671,6.8921,18.963,1.6015,32.322,13.899,24.507,1.2354,18.673
112,49.822,2632.7,24.956,50.545,3104.8,23.766,65.785,231.36,338.84,94.719,77.519,31.907,8.8834,26.671,6.8921,18.963,1.6015,32.322,13.899,24.507,1.2354,18.673
113,49.761,2631.8,24.544,49.221,3103.9,23.431,65.823,231.01,338.81,94.565,77.239,31.932,8.9409,26.32,6.8495,19.16,1.6557,32.414,13.823,24.541,1.3277,18.893
114,50.823,2629.2,26.385,49.882,3102.4,23.744,65.801,232.63,339.11,94.845,76.924,31.932,8.9409,26.32,6.8495,19.16,1.6557,32.414,13.823,24.541,1.3277,18.893
115,49.183,2628.7,26.747,49.672,3100.2,22.992,65.747,232.48,338.84,94.588,76.945,32.112,8.8167,26.797,6.8634,18.596,1.6671,32.591,13.846,23.859,1.291,19.032
116,49.158,2629.7,25.918,48.709,3100.2,23.506,65.752,230.47,338.77,94.711,77.201,32.112,8.8167,26.797,6.8634,18.596,1.6671,32.591,13.846,23.859,1.291,19.032
117,51.817,2627.4,25.285,49.332,3101.1,23.068,65.786,233.82,338.55,94.669,77.332,32.124,8.7538,26.612,6.8983,18.888,1.709,32.409,13.671,24.377,1.3099,19.192
118,51.606,2631.5,23.965,48.956,3102.6,22.139,65.831,233.59,338.86,94.642,77.608,32.124,8.7538,26.612,6.8983,18.888,1.709,32.409,13.671,24.377,1.3099,19.192
119,48.965,2628.5,24.407,50,3101.4,23.123,65.887,232.58,338.21,94.663,77.075,32.058,8.8317,26.596,6.8093,19.044,1.6483,32.606,14.056,24.138,1.2808,19.059
120,49.909,2627,24.821,50.028,3101.1,23.058,65.903,232.52,337.93,94.665,77.348,32.058,8.8317,26.596,6.8093,19.044,1.6483,32.606,14.056,24.138,1.2808,19.059
121,50.775,2627,25.278,50.664,3099.2,23.545,65.912,235.83,338.23,94.67,77.09,31.701,8.8768,26.31,6.9334,19.109,1.6931,32.068,13.892,24.394,1.2918,18.497
122,50.693,2625.4,25.691,51.161,3097.4,23.313,65.926,236.01,338.19,94.562,77.126,31.701,8.8768,26.31,6.9334,19.109,1.6931,32.068,13.892,24.394,1.2918,18.497
123,50.692,2623,25.298,50.087,3095.9,23.153,65.947,235.62,337.76,94.724,77.184,31.877,8.7334,26.459,6.995,19.137,1.6334,32.149,13.779,23.309,1.3822,19.003
124,49.539,2624.9,23.405,50.26,3098,22.89,65.975,237.42,338.08,94.727,77.462,31.877,8.7334,26.459,6.995,19.137,1.6334,32.149,13.779,23.309,1.3822,19.003
125,49.729,2626.4,23.506,49.669,3097.2,23.245,66.041,237.88,338.82,94.768,77.208,31.804,8.9647,26.278,7.1414,19.566,1.6975,32.464,13.926,23.79,1.189,18.53
126,50.18,2624.5,24.555,50.552,3095.9,24.444,66.048,237.33,338.85,94.771,76.896,31.804,8.9647,26.278,7.1414,19.566,1.6975,32.464,13.926,23.79,1.189,18.53
127,51.201,2625.8,25.178,49.846,3095.5,23.482,66.045,241.61,339.38,94.903,77.139,32.067,9.0284,26.472,6.9127,18.949,1.6448,32.772,13.926,23.8,1.3778,19.266
128,49.117,2626.4,24.861,50.944,3097.9,23.736,66.03,240.12,339.6,94.846,77.559,32.067,9.0284,26.472,6.9127,18.949,1.6448,32.772,13.926,23.8,1.3778,19.266
129,50.474,2633.3,24.688,48.813,3101.4,23.397,66.11,240.5,339.83,94.819,77.664,31.771,8.8613,26.417,6.8677,19.444,1.6379,32.4,13.7,23.785,1.1867,19.273
130,50.306,2630.2,26.738,50.836,3102.2,23.253,66.186,242.42,339.76,94.619,77.115,31.771,8.8613,26.417,6.8677,19.444,1.6379,32.4,13.7,23.785,1.1867,19.273
131,49.05,2631.3,25.398,50.759,3101.3,22.066,66.214,242.11,340.38,94.651,77.238,32.314,9.0746,26.477,6.8036,18.846,1.6237,32.549,13.887,23.624,1.1327,18.888
132,47.689,2631.9,25.942,50.774,3100.6,23.13,66.193,243.06,340.81,94.622,77.389,32.314,9.0746,26.477,6.8036,18.846,1.6237,32.549,13.887,23.624,1.1327,18.888
133,48.501,2630,23.062,50.413,3101.3,23.865,66.206,245.45,340.77,94.58,76.978,32.098,9.0441,26.095,6.9147,18.6,1.6552,32.984,13.761,23.973,1.3613,19.1
134,49.303,2629.6,24.285,51.886,3098.6,22.098,66.184,246.85,341.31,94.596,77.225,32.098,9.0441,26.095,6.9147,18.6,1.6552,32.984,13.761,23.973,1.3613,19.1
135,49.253,2632.1,27.203,49.557,3100.9,21.889,66.2,246.39,341.64,94.537,77.367,32.093,8.8441,25.895,6.7512,18.855,1.6747,32.633,13.871,24.079,1.4583,18.146
136,50.745,2635.7,24.503,51.595,3103.3,24.136,66.25,245.36,341.83,94.57,77.64,32.093,8.8441,25.895,6.7512,18.855,1.6747,32.633,13.871,24.079,1.4583,18.146
137,49.537,2635.6,25.057,50.181,3105.6,22.088,66.378,246.5,341.55,94.498,77.117,32.256,8.8784,26.332,6.9446,18.864,1.6595,33.1,13.73,24.032,1.1856,18.547
138,51.046,2633.4,24.991,50.803,3103.3,23.691,66.366,249.64,341.7,94.39,76.997,32.256,8.8784,26.332,6.9446,18.864,1.6595,33.1,13.73,24.032,1.1856,18.547
139,50.905,2634.7,24.934,48.739,3102.8,23.197,66.381,249.02,342.12,94.598,77.139,32.575,8.8905,26.635,6.8024,18.997,1.5903,32.948,13.645,23.904,1.1416,18.663
140,48.756,2635.4,25.481,50.289,3101.9,23.02,66.392,250.46,342.13,94.553,77.197,32.575,8.8905,26.635,6.8024,18.997,1.5903,32.948,13.645,23.904,1.1416,18.663
141,50.401,2635.5,24.611,50.666,3103.8,23.786,66.419,250.01,342.54,94.643,77.369,32.12,8.7942,26.33,6.8692,18.75,1.6614,33.102,13.741,23.821,1.2798,18.394
142,47.932,2636.4,24.561,52.274,3102,22.823,66.457,248.3,342.34,94.378,77.163,32.12,8.7942,26.33,6.8692,18.75,1.6614,33.102,13.741,23.821,1.2798,18.394
143,50.555,2633.1,23.516,50.926,3099.4,23.223,66.426,248.86,342.59,94.603,76.965,32.138,8.8613,26.307,6.8001,18.683,1.6285,33.347,13.876,24.119,1.2284,18.702
144,49.787,2633,25.865,50.024,3100.5,22.955,66.372,254.05,342.54,94.627,76.809,32.138,8.8613,26.307,6.8001,18.683,1.6285,33.347,13.876,24.119,1.2284,18.702
145,50.331,2634.7,26.63,51.028,3101.1,22.592,66.308,253.56,342.5,94.516,77.484,32.185,8.8435,26.685,7.1086,18.751,1.6741,33.321,13.67,24.172,1.0032,18.488
146,49.716,2640.1,24.378,49.942,3105.8,22.474,66.407,251.76,342.83,94.447,78.202,32.185,8.8435,26.685,7.1086,18.751,1.6741,33.321,13.67,24.172,1.0032,18.488
147,50.399,2639.6,23.035,48.162,3107.4,22.612,66.52,252.09,342.64,94.555,77.496,32.587,8.9465,26.683,6.8573,18.669,1.6783,33.172,13.817,23.921,1.1462,18.673
148,49.772,2639.1,25.034,49.399,3105.7,22.551,66.593,253.53,343.07,94.675,76.961,32.587,8.9465,26.683,6.8573,18.669,1.6783,33.172,13.817,23.921,1.1462,18.673
149,51.402,2639.2,24.479,50.644,3104.3,22.862,66.553,254.8,343.75,94.704,77.048,32.653,8.9137,26.155,6.7733,19.168,1.6504,33.194,13.824,23.821,1.2792,18.622
150,48.792,2637.5,24.616,51.279,3104.2,23.43,66.49,256.25,343.76,94.607,76.929,32.653,8.9137,26.155,6.7733,19.168,1.6504,33.194,13.824,23.821,1.2792,18.622
151,49.341,2638.4,22.617,48.925,3103.2,22.248,66.439,252.7,344.02,94.647,77.302,32.697,8.7766,26.06,6.8003,18.791,1.6846,33.085,13.85,24.262,1.208,18.265
152,50.197,2638.5,24.869,48.963,3103.8,22.365,66.446,252.53,343.2,94.476,77.618,32.697,8.7766,26.06,6.8003,18.791,1.6846,33.085,13.85,24.262,1.208,18.265
153,51.037,2639,23.091,50.511,3103.8,22.659,66.455,251.56,343.25,94.483,77.505,32.411,8.7398,26.671,6.8309,18.923,1.6437,33.455,13.959,23.912,1.1505,18.5
154,49.254,2639.1,28.068,50.644,3104.5,22.47,66.506,252.17,343.08,94.542,77.329,32.411,8.7398,26.671,6.8309,18.923,1.6437,33.455,13.959,23.912,1.1505,18.5
155,50.089,2637.7,24.726,48.441,3104.7,22.382,66.511,253.15,343.23,94.476,77.352,32.38,8.815,26.526,6.7563,18.337,1.6816,33.196,13.838,24.11,1.1195,18.225
156,50.165,2635.2,25.832,48.881,3102.4,24.342,66.493,251.33,342.74,94.564,76.958,32.38,8.815,26.526,6.7563,18.337,1.6816,33.196,13.838,24.11,1.1195,18.225
157,51.268,2636.6,27.394,50.3,3103.1,22.728,66.419,251.15,342.89,94.555,77.009,32.089,8.8649,26.329,6.8759,18.479,1.6433,32.757,13.774,24.565,1.2659,18.284
158,49.978,2637,24.448,48.27,3105.2,22.564,66.375,251.15,342.95,94.494,77.525,32.089,8.8649,26.329,6.8759,18.479,1.6433,32.757,13.774,24.565,1.2659,18.284
159,51.007,2639.9,25.481,51.31,3107.4,23.371,66.403,251.64,342.48,94.472,77.491,32.017,9.0469,26.878,7.0418,18.813,1.6398,33.573,13.742,24.183,1.2872,18.684
160,48.875,2640.4,27.254,49.776,3107.8,23.848,66.438,251.21,342.64,94.541,77.373,32.017,9.0469,26.878,7.0418,18.813,1.6398,33.573,13.742,24.183,1.2872,18.684
161,51.845,2619.9,24.866,49.55,3077.6,22.687,66.877,248.44,343.22,94.893,76.612,32.276,8.9769,26.353,6.7965,18.277,1.6203,33.021,13.889,24.223,1.2746,18.692
162,49.859,2599.1,24.275,50.249,3057.4,22.388,67.057,247.24,341.7,95.399,75.999,32.276,8.9769,26.353,6.7965,18.277,1.6203,33.021,13.889,24.223,1.2746,18.692
163,49.253,2582.2,24.339,49.186,3042.9,22.778,67.102,245.87,339.09,95.362,76.02,32.462,8.7589,26.7,6.6798,18.437,1.6647,33.137,13.65,24.033,1.174,18.408
164,49.583,2569.4,26.154,50.193,3030.6,22.104,67.142,243.4,337.45,95.483,76.284,32.462,8.7589,26.7,6.6798,18.437,1.6647,33.137,13.65,24.033,1.174,18.408
165,49.931,2556.7,25.435,50.219,3023.7,23.557,67.223,245.37,334.48,95.456,76.44,31.81,9.0019,25.964,6.9327,19.303,1.642,32.925,14.009,23.814,1.384,19.001
166,49.712,2549.8,26.032,50.825,3019.8,23.756,67.301,240.66,331.17,95.348,76.868,31.81,9.0019,25.964,6.9327,19.303,1.642,32.925,14.009,23.814,1.384,19.001
167,49.785,2540.6,26.048,48.818,3016.3,23.334,67.448,241.65,328.25,95.468,76.876,31.841,9.2739,25.825,6.9372,19.846,1.7292,32.716,14.12,23.371,1.4801,19.15
168,48.759,2535,25.232,51.378,3010.9,22.531,67.586,237.72,326.43,95.632,77.442,31.841,9.2739,25.825,6.9372,19.846,1.7292,32.716,14.12,23.371,1.4801,19.15
169,50.829,2527.2,24.881,49.332,3008.4,23.111,67.676,236.55,323.62,95.549,77.033,30.93,9.191,25.179,7.2615,20.434,1.6771,31.837,14.054,22.935,1.5656,19.855
170,49.083,2521.5,25.638,51.006,3005.9,21.714,67.716,233.92,321.86,95.762,77.328,30.93,9.191,25.179,7.2615,20.434,1.6771,31.837,14.054,22.935,1.5656,19.855
171,50.84,2521.4,26.388,49.793,3005.3,23.856,67.776,233.51,320.64,95.637,77.698,31.741,9.3227,25.228,7.1038,19.835,1.7487,31.377,14.171,21.828,1.4724,20.405
172,50.023,2519.8,26.392,50.219,3007.2,22.371,67.861,230.99,319.88,95.824,77.428,31.741,9.3227,25.228,7.1038,19.835,1.7487,31.377,14.171,21.828,1.4724,20.405
173,48.541,2519.2,26.902,50.308,3007.1,22.911,67.826,230.56,320.15,95.761,77.212,30.837,9.1649,24.622,7.313,20.26,1.726,31.363,14.106,21.645,1.4569,20.321
174,49.996,2519.4,26.609,52.402,3008.7,23.573,67.786,229.33,319.19,95.643,77.53,30.837,9.1649,24.622,7.313,20.26,1.726,31.363,14.106,21.645,1.4569,20.321
175,49.459,2521.5,25.517,50.679,3013.4,23.841,67.734,230.03,318.85,95.737,77.602,31.17,9.1905,24.596,6.9583,20.109,1.7874,31.148,14.335,21.586,1.5256,21.179
176,50.091,2527.9,25.049,50.865,3017.1,23.587,67.704,233.21,320.16,95.622,78.09,31.17,9.1905,24.596,6.9583,20.109,1.7874,31.148,14.335,21.586,1.5256,21.179
177,50.496,2532.8,24.71,49.662,3023.6,22.979,67.746,234.57,320.79,95.468,78.158,30.899,9.1155,24.411,7.1611,20.482,1.7006,31.589,14.274,21.671,1.485,20.736
178,48.899,2535.8,24.947,51.408,3027.3,22.025,67.775,235.08,321.3,95.058,77.878,30.899,9.1155,24.411,7.1611,20.482,1.7006,31.589,14.274,21.671,1.485,20.736
179,51.374,2537.6,25.953,49.162,3029.2,23.195,67.757,238.9,321.91,95.327,77.947,31.289,9.1986,24.851,6.8328,20.006,1.7204,31.631,14.173,21.443,1.3362,21.285
180,49.147,2542.9,25.343,50.852,3033.2,22.521,67.7,239.4,324,95.034,78.272,31.289,9.1986,24.851,6.8328,20.006,1.7204,31.631,14.173,21.443,1.3362,21.285
181,50.953,2550.8,24.876,49.298,3039.2,23.12,67.685,242.51,325.94,94.968,78.04,31.282,8.8528,24.687,6.9466,20.329,1.7218,31.653,14.349,20.957,1.2482,20.939
182,50.168,2555.2,26.027,49.721,3042,23.162,67.689,244.35,327.73,94.593,78.119,31.282,8.8528,24.687,6.9466,20.329,1.7218,31.653,14.349,20.957,1.2482,20.939
183,48.12,2557.6,25.843,51.754,3044.8,22.601,67.671,250.04,328.77,94.771,78.248,31.963,8.893,25.014,6.9004,20.607,1.7274,32.658,14.063,21.825,1.3826,20.724
184,49.606,2562.4,28.537,51.692,3047.3,23.323,67.656,250.04,330.9,94.644,78.175,31.963,8.893,25.014,6.9004,20.607,1.7274,32.658,14.063,21.825,1.3826,20.724
185,49.141,2570.8,26.469,49.328,3051.4,22.673,67.613,252.04,333.7,94.519,78.537,32.318,8.9501,24.609,7.0394,20.09,1.7354,32.605,14.142,21.323,1.3182,20.07
186,49.914,2579.2,27.691,51.198,3056.2,23.613,67.648,252.04,336.34,94.35,78.345,32.318,8.9501,24.609,7.0394,20.09,1.7354,32.605,14.142,21.323,1.3182,20.07
187,49.179,2583.3,25.83,50.44,3060.8,23.323,67.63,255.29,337.82,94.526,78.432,32.561,9.1543,24.702,6.7342,19.553,1.7037,33.55,13.905,21.838,1.388,20.064
188,48.977,2588.4,26.439,49.21,3063.7,23.202,67.578,258.91,340.41,94.446,78.197,32.561,9.1543,24.702,6.7342,19.553,1.7037,33.55,13.905,21.838,1.388,20.064
189,50.044,2599.7,25.357,51.127,3071.4,23.016,67.509,259.35,342.58,94.337,78.485,32.635,8.7805,25.342,6.93,19.481,1.7254,33.48,13.969,21.617,1.2832,19.295
190,48.691,2608,24.2,48.911,3077.9,23.467,67.486,261.88,344.07,94.076,78.813,32.635,8.7805,25.342,6.93,19.481,1.7254,33.48,13.969,21.617,1.2832,19.295
191,48.918,2614.6,26.073,50.003,3082.3,22.208,67.457,261.37,346.39,94.135,78.398,33.178,8.837,24.984,6.8706,19.071,1.6969,33.905,13.853,22.371,1.3098,18.51
192,50.425,2623.4,24.91,49.978,3086.6,23.14,67.343,261.46,348.59,94.167,78.253,33.178,8.837,24.984,6.8706,19.071,1.6969,33.905,13.853,22.371,1.3098,18.51
193,49.862,2632.9,24.555,51.559,3094.2,22.91,67.226,263.16,350.79,94.094,78.56,33.525,8.8461,25.388,6.582,18.599,1.6859,34.158,13.71,22.581,1.125,18.771
194,49.109,2640.7,26.42,49.585,3102.1,22.948,67.126,262.23,352.02,94.058,78.323,33.525,8.8461,25.388,6.582,18.599,1.6859,34.158,13.71,22.581,1.125,18.771
195,50.42,2648.9,24.631,48.565,3108.8,24.075,67.037,263.99,353.56,93.907,78.419,33.386,8.837,26.304,6.6519,18.014,1.7059,34.225,13.703,22.934,1.0719,17.975
196,49.078,2660.8,24.943,49.801,3117.2,21.872,66.943,265.18,354.96,93.665,78.805,33.386,8.837,26.304,6.6519,18.014,1.7059,34.225,13.703,22.934,1.0719,17.975
197,49.957,2671.8,24.563,48.732,3125.8,22.402,66.924,262.44,356.2,93.602,78.419,33.514,8.6686,25.885,6.5608,17.293,1.6959,34.455,13.675,23.502,1.2554,16.852
198,49.961,2677.1,24.736,50.146,3130.9,22.573,66.84,262.13,356.97,93.689,78.222,33.514,8.6686,25.885,6.5608,17.293,1.6959,34.455,13.675,23.502,1.2554,16.852
199,49.082,2685.6,23.27,49.63,3138.5,22.767,66.682,265.69,358.6,93.403,78.461,33.715,8.6416,26.929,6.7727,17.843,1.6659,35.127,13.517,23.737,1.1471,16.779
200,50.405,2694.8,25.219,50.603,3145.7,22.135,66.556,265.03,359.45,93.517,78.203,33.715,8.6416,26.929,6.7727,17.843,1.6659,35.127,13.517,23.737,1.1471,16.779
201,51.799,2701.9,23.368,50.42,3150.4,23.108,66.438,261.29,360.21,93.56,78.19,33.6,8.5712,26.305,6.7157,16.76,1.6648,35.749,13.598,24.415,1.1356,16.439
202,50.126,2712.5,22.399,49.597,3156.6,22.933,66.266,259.27,360.83,93.639,78.198,33.6,8.5712,26.305,6.7157,16.76,1.6648,35.749,13.598,24.415,1.1356,16.439
203,49.111,2719.2,25.16,48.613,3164.8,22.839,66.106,257.7,362.01,93.567,77.557,34.121,8.6289,27.27,6.8316,16.72,1.6725,35.598,13.51,24.68,0.94521,16.065
204,48.88,2726.5,26.292,50.428,3169.2,22.669,65.878,255.4,362.73,93.583,77.756,34.121,8.6289,27.27,6.8316,16.72,1.6725,35.598,13.51,24.68,0.94521,16.065
205,49.867,2733.1,24.328,50.987,3175.4,23.515,65.643,254.39,363.21,93.753,77.87,34.197,8.5691,27.564,6.7709,16.484,1.652,35.572,13.475,25.014,1.2621,15.823
206,49.48,2745,23.972,51.029,3183.7,23.966,65.489,250.63,362.99,93.581,78.303,34.197,8.5691,27.564,6.7709,16.484,1.652,35.572,13.475,25.014,1.2621,15.823
207,49.627,2754,25.39,47.872,3192.6,23.078,65.361,244.7,362.99,93.621,78.06,33.653,8.2952,27.279,6.6269,16.565,1.6318,36.016,13.439,25.567,1.0669,15.72
208,50.641,2757.2,25.572,50.966,3197.3,23.053,65.212,244.13,363.26,93.501,77.738,33.653,8.2952,27.279,6.6269,16.565,1.6318,36.016,13.439,25.567,1.0669,15.72
209,51.292,2761.2,25.329,50.158,3200,23.28,64.974,239.61,363.35,93.714,77.194,34.302,8.4905,27.749,6.6817,16.687,1.5663,35.47,13.26,26.379,0.90519,14.892
210,49.978,2766.2,23.444,48.933,3205.4,23.508,64.686,240.86,363.13,93.49,77.525,34.302,8.4905,27.749,6.6817,16.687,1.5663,35.47,13.26,26.379,0.90519,14.892
211,49.394,2773.1,24.721,49.059,3209.4,23.293,64.451,228.51,362.86,93.568,77.668,33.871,8.3617,28.3,6.7656,16.333,1.6621,35.675,13.298,26.102,0.97426,14.775
212,49.852,2776.7,23.157,50.445,3213.2,21.671,64.218,225.65,362.67,93.384,77.48,33.871,8.3617,28.3,6.7656,16.333,1.6621,35.675,13.298,26.102,0.97426,14.775
213,47.956,2778.3,23.253,49.113,3216.3,23.635,63.934,218.72,362.63,93.684,77.05,33.76,8.4346,28.321,6.6366,16.634,1.5933,35.518,13.125,26.8,0.87664,15.28
214,50.706,2782,25.258,49.479,3217.9,23.967,63.638,215.43,362.17,93.598,76.84,33.76,8.4346,28.321,6.6366,16.634,1.5933,35.518,13.125,26.8,0.87664,15.28
215,48.559,2784.4,25.35,50.824,3220.3,22.89,63.332,208.53,362.21,93.749,76.628,33.389,8.3876,28.781,6.8142,16.254,1.5572,35.514,13.127,26.997,0.73925,14.937
216,49.651,2784.8,25.325,49.457,3221.5,22.161,63.003,202.48,361.88,93.686,76.722,33.389,8.3876,28.781,6.8142,16.254,1.5572,35.514,13.127,26.997,0.73925,14.937
217,50.259,2787.4,24.021,49.748,3223.5,22.332,62.71,195.15,361.29,93.656,76.919,33.683,8.3084,29.053,6.9039,16.214,1.5756,35.427,13.082,27.65,0.87065,14.841
218,49.524,2791.4,22.433,49.942,3226.1,21.54,62.464,189.89,360.87,93.887,76.989,33.683,8.3084,29.053,6.9039,16.214,1.5756,35.427,13.082,27.65,0.87065,14.841
219,49.858,2790.2,24.165,49.017,3227,22.658,62.213,180.95,359.87,93.836,76.788,33.202,8.4129,28.93,6.8113,16.384,1.5691,34.573,13.125,27.611,0.99136,14.524
220,47.978,2792,24.366,49.52,3227.3,22.464,61.986,177.5,359.17,94.113,76.509,33.202,8.4129,28.93,6.8113,16.384,1.5691,34.573,13.125,27.611,0.99136,14.524
221,49.578,2787.7,23.038,48.981,3225.3,23.31,61.717,166.51,358.95,94.066,76.072,33.455,8.3621,29.065,6.7846,16.616,1.5488,35.01,13.168,27.76,0.97925,14.729
222,50.244,2788,23.597,50.251,3224,22.767,61.374,164.03,358.08,94.066,76.539,33.455,8.3621,29.065,6.7846,16.616,1.5488,35.01,13.168,27.76,0.97925,14.729
223,51.701,2786.4,24.31,49.828,3223.9,22.12,61.121,153.14,357.4,94.074,76.374,32.711,8.5204,29.414,6.6703,16.183,1.5387,34.885,13.249,27.973,1.0238,14.613
224,49.217,2780.2,22.914,48.807,3217.8,22.21,60.865,146.98,356.44,94.202,75.626,32.711,8.5204,29.414,6.6703,16.183,1.5387,34.885,13.249,27.973,1.0238,14.613
225,50.519,2777.5,23.794,49.238,3217,22.113,60.569,138.89,355.27,94.122,76.174,32.701,8.3732,29.613,6.8311,16.69,1.4945,33.494,13.123,28.368,1.2166,15.132
226,50.916,2771.1,24.876,51.766,3213.7,23.329,60.261,131.28,354.2,94.114,75.892,32.701,8.3732,29.613,6.8311,16.69,1.4945,33.494,13.123,28.368,1.2166,15.132
227,50.832,2764.9,25.586,49.843,3208.8,22.491,60.038,127.73,353.29,94.392,75.969,32.865,8.4804,29.433,6.8057,17.133,1.5633,34.199,13.322,28.703,0.979,15.416
228,51.136,2760.4,23.276,50.01,3203.8,22.629,59.84,120.13,351.99,94.311,75.755,32.865,8.4804,29.433,6.8057,17.133,1.5633,34.199,13.322,28.703,0.979,15.416
229,49.035,2753.3,24.727,50.021,3197.4,23.096,59.612,113.8,351.09,94.544,75.427,32.229,8.6979,29.287,6.8959,16.684,1.5967,33.814,13.435,28.087,1.0572,15.635
230,49.303,2744.4,25.888,50.783,3192.2,23.677,59.445,105.76,349.81,94.669,75.809,32.229,8.6979,29.287,6.8959,16.684,1.5967,33.814,13.435,28.087,1.0572,15.635
231,48.449,2738.1,24.015,50.9,3189,23.171,59.282,105.35,348.04,94.605,75.62,31.903,8.6327,29.322,6.9795,17.073,1.5488,33.053,13.391,27.574,1.1859,15.852
232,48.97,2729.7,21.962,50.132,3182.4,22.974,59.177,99.445,346.59,94.811,75.841,31.903,8.6327,29.322,6.9795,17.073,1.5488,33.053,13.391,27.574,1.1859,15.852
233,51.536,2722.2,25.967,50.349,3177.1,22.311,59.057,92.039,345.28,94.821,75.746,31.73,8.5748,28.637,7.0735,17.665,1.578,32.215,13.537,28.169,0.95276,16.298
234,51.453,2716.8,26.386,52.189,3173.2,22.433,58.938,89.06,343.84,95.051,75.636,31.73,8.5748,28.637,7.0735,17.665,1.578,32.215,13.537,28.169,0.95276,16.298
235,49.18,2710,26.356,50.828,3168.3,22.748,58.846,85.601,342.37,94.914,75.871,31.227,8.6588,28.958,6.9126,17.754,1.5372,32.251,13.475,28.079,1.23,16.858
236,47.258,2702,24.492,50.41,3162.2,22.611,58.791,84.631,341.28,95.291,75.779,31.227,8.6588,28.958,6.9126,17.754,1.5372,32.251,13.475,28.079,1.23,16.858
237,49.323,2696.3,26.749,48.319,3160.1,22.214,58.831,79.883,339.49,95.018,76.123,31.362,8.8845,28.678,6.9569,18.11,1.6238,32.095,13.444,27.428,1.1755,17.64
238,48.94,2688.3,27.235,49.456,3154.9,22.197,58.835,78.769,337.83,95.183,75.651,31.362,8.8845,28.678,6.9569,18.11,1.6238,32.095,13.444,27.428,1.1755,17.64
239,48.271,2677.9,25.96,50.798,3146.6,21.524,58.761,75.038,336.24,95.125,75.795,30.747,8.8354,28.645,6.9057,18.711,1.5972,31.244,13.706,27.694,1.4269,17.742
240,48.489,2671.6,25.536,50.763,3140.5,22.385,58.72,72.023,334.87,95.375,75.552,30.747,8.8354,28.645,6.9057,18.711,1.5972,31.244,13.706,27.694,1.4269,17.742
241,50.17,2660.8,25.348,50.192,3134.8,22.275,58.755,77.008,332.93,95.35,75.503,30.576,8.8647,27.715,7.0001,19.041,1.56,30.849,13.906,26.879,1.1845,17.969
242,48.914,2653.9,26.653,50.699,3128.2,22.185,58.801,78.182,331.45,95.423,75.571,30.576,8.8647,27.715,7.0001,19.041,1.56,30.849,13.906,26.879,1.1845,17.969
243,50.182,2646.2,26.738,50.498,3122.2,22.515,58.939,78.594,330.04,95.452,75.93,30.44,8.8763,27.476,6.9171,19.441,1.58,30.227,13.716,26.396,1.2819,18.42
244,49.986,2642,25.809,50.344,3120.3,22.304,59.109,80.592,328.53,95.422,76.544,30.44,8.8763,27.476,6.9171,19.441,1.58,30.227,13.716,26.396,1.2819,18.42
245,50.767,2634.7,25.192,48.894,3117.6,22.587,59.348,82.032,326.15,95.462,76.101,30.448,8.9542,27.491,7.0622,19.378,1.6604,30.124,13.929,26.436,1.3862,19.192
246,51.413,2626.7,24.438,48.673,3110.9,22.307,59.588,89.043,325.6,95.403,75.803,30.448,8.9542,27.491,7.0622,19.378,1.6604,30.124,13.929,26.436,1.3862,19.192
247,48.869,2617.6,25.96,50.603,3103.8,22.904,59.814,93.544,323.41,95.649,75.594,30.159,9.1031,27.155,7.0863,20.328,1.6401,29.674,13.808,25.298,1.3394,19.73
248,47.844,2611.3,24.795,48.58,3098.3,22.126,60.066,101.72,322.67,95.582,75.899,30.159,9.1031,27.155,7.0863,20.328,1.6401,29.674,13.808,25.298,1.3394,19.73
249,51.271,2606.2,26.349,47.959,3095.1,22.406,60.302,105.04,321.36,95.635,76.213,30.206,9.2274,26.604,7.0253,20.315,1.648,29.634,14.053,25.346,1.4084,20.457
250,50.48,2605.2,25.861,49.316,3092.4,23.106,60.604,110.03,321.07,95.622,76.352,30.206,9.2274,26.604,7.0253,20.315,1.648,29.634,14.053,25.346,1.4084,20.457
251,50.186,2598.5,26.976,49.218,3090.8,22.996,61.026,122.82,319.27,95.589,76.305,30.222,9.0565,26.786,7.0767,20.217,1.688,29.703,14.156,24.076,1.3978,20.814
252,51.033,2591,23.955,49.074,3086.2,23.457,61.428,132.11,317.81,95.56,76.392,30.222,9.0565,26.786,7.0767,20.217,1.688,29.703,14.156,24.076,1.3978,20.814
253,48.703,2587,27.034,51.915,3081.2,23.697,61.832,142.58,317.67,95.737,76.208,30.443,9.1675,26.063,7.0842,20.406,1.6391,29.604,14.107,24.175,1.3444,21.078
254,49.933,2581.9,28.507,50.269,3078.4,23.357,62.235,146.9,316.05,95.473,76.305,30.443,9.1675,26.063,7.0842,20.406,1.6391,29.604,14.107,24.175,1.3444,21.078
255,49.804,2577,25.432,48.977,3075.4,22.497,62.61,157.44,315.65,95.854,76.407,30.126,9.1169,25.631,7.1297,20.59,1.718,29.431,14.287,23.748,1.395,21.706
256,48.916,2572.6,25.528,50.756,3070.3,22.518,63.059,172.04,315.44,95.452,76.499,30.126,9.1169,25.631,7.1297,20.59,1.718,29.431,14.287,23.748,1.395,21.706
257,49.17,2572.3,25.206,49.991,3068.8,22.463,63.526,187.51,315.95,95.766,76.7,30.153,9.1834,25.341,7.1123,21.244,1.6874,30.175,14.35,23.879,1.6116,21.806
258,50.915,2568.2,26.13,50.229,3066.8,22.78,64.05,197.33,314.76,95.436,76.641,30.153,9.1834,25.341,7.1123,21.244,1.6874,30.175,14.35,23.879,1.6116,21.806
259,49.287,2565.7,28.141,50.586,3064.4,22.224,64.551,208.78,315.02,95.688,76.835,30.582,9.4503,25.255,7.0542,20.834,1.6728,29.969,14.205,22.519,1.6204,21.862
260,49.747,2558.7,24.411,51.703,3060.2,23.938,64.998,222.19,314.24,95.538,76.393,30.582,9.4503,25.255,7.0542,20.834,1.6728,29.969,14.205,22.519,1.6204,21.862
261,50.822,2563.1,26.513,49.568,3058.1,22.857,65.441,235.1,316.23,95.529,77.004,30.288,9.434,24.866,6.8632,21.197,1.6783,30.159,14.331,22.673,1.4855,22.115
262,49.777,2562.1,25.733,48.146,3059.4,22.427,66.024,244.39,316.31,95.334,76.806,30.288,9.434,24.866,6.8632,21.197,1.6783,30.159,14.331,22.673,1.4855,22.115
263,50.662,2559.2,25.919,50.214,3058.1,22.849,66.517,255.07,315.92,95.25,76.847,30.488,9.341,24.742,6.9394,21.445,1.6943,30.558,14.361,21.883,1.5676,21.95
264,50.213,2554.9,25.847,49.983,3053.6,23.318,66.975,267.85,316.48,95.09,76.492,30.488,9.341,24.742,6.9394,21.445,1.6943,30.558,14.361,21.883,1.5676,21.95
265,50.329,2555.3,24.906,50.422,3051,23.086,67.385,278.69,318.01,95.151,77.337,30.471,9.2125,24.317,7.2363,20.822,1.6857,30.685,14.426,21.737,1.524,22.411
266,50.815,2554.8,26.604,50.464,3052.2,23.029,67.87,289.35,317.81,95.017,77.232,30.471,9.2125,24.317,7.2363,20.822,1.6857,30.685,14.426,21.737,1.524,22.411
267,51.052,2555.5,25.148,48.98,3050.5,22.721,68.363,299.86,319.42,95.086,77.46,31.208,9.2787,24.06,6.8887,21.304,1.6872,31.134,14.49,20.903,1.4146,21.928
268,50.467,2555.5,25.244,50.083,3049.5,23.126,68.8,306.87,321.38,95.138,77.029,31.208,9.2787,24.06,6.8887,21.304,1.6872,31.134,14.49,20.903,1.4146,21.928
269,50.608,2554.5,25.836,52.869,3047.1,22.531,69.157,316.4,322.74,95.049,77.169,31.182,9.2329,24.047,6.9196,20.915,1.6685,31.585,14.302,20.93,1.4994,21.9
270,49.368,2555.3,26.958,51.385,3046.3,23.853,69.51,330.57,323.94,94.854,77.599,31.182,9.2329,24.047,6.9196,20.915,1.6685,31.585,14.302,20.93,1.4994,21.9
271,49.477,2554.9,26.62,50.029,3045.9,21.715,69.876,336.7,325.21,94.88,77.063,31.765,9.2469,24.252,6.8959,21.278,1.7192,31.462,14.33,20.838,1.3428,22.042
272,50.905,2556.4,25.335,49.649,3044.5,23.702,70.198,346.12,327,94.758,77.59,31.765,9.2469,24.252,6.8959,21.278,1.7192,31.462,14.33,20.838,1.3428,22.042
273,49.764,2558,26.347,50.571,3043.4,23.193,70.527,352.44,328.45,94.762,77.568,31.998,9.2243,23.741,6.8151,20.678,1.7119,32.494,14.401,20.381,1.4818,21.567
274,49.255,2559.9,26.514,47.189,3043,23.159,70.893,362.26,330.13,94.578,77.872,31.998,9.2243,23.741,6.8151,20.678,1.7119,32.494,14.401,20.381,1.4818,21.567
275,51.317,2561.3,26.673,50.978,3043,22.994,71.257,369.84,331.75,94.636,77.826,32.176,9.3598,23.743,6.8212,20.535,1.6827,32.781,14.371,20.4,1.4272,21.296
276,51.422,2559.7,25.667,49.813,3043.2,23.856,71.577,373.46,332.31,94.523,77.632,32.176,9.3598,23.743,6.8212,20.535,1.6827,32.781,14.371,20.4,1.4272,21.296
277,50.63,2560.1,25.3,50.344,3040.6,22.001,71.796,379.46,334.42,94.469,77.37,32.685,9.1653,23.82,6.8341,20.071,1.6946,33.263,14.27,20.183,1.419,21.402
278,49.482,2559.7,26.986,51.6,3037.7,23.069,71.925,386.64,336.04,94.601,77.231,32.685,9.1653,23.82,6.8341,20.071,1.6946,33.263,14.27,20.183,1.419,21.402
279,50.753,2561.7,25.156,49.816,3037.5,23.648,72.042,390.94,337.5,94.553,77.52,32.947,9.1103,23.769,6.8736,19.674,1.7408,33.551,14.493,20.068,1.4094,20.633
280,49.162,2565.9,27.38,48.696,3040.7,23.909,72.172,392.56,338.78,94.479,77.96,32.947,9.1103,23.769,6.8736,19.674,1.7408,33.551,14.493,20.068,1.4094,20.633
281,50.652,2572.4,26.793,48.201,3043.3,23.17,72.277,391.18,340.58,94.409,78.282,32.801,9.1801,23.353,6.9266,19.281,1.7159,34.21,14.322,20.512,1.3757,19.921
282,49.092,2574.5,27.469,50.463,3046.4,22.795,72.447,388.95,341.45,94.361,77.982,32.801,9.1801,23.353,6.9266,19.281,1.7159,34.21,14.322,20.512,1.3757,19.921
283,50.517,2575.9,25.369,51.237,3047.6,23.036,72.474,390.16,342.58,94.51,78.101,33.01,9.0392,23.257,6.9015,19.745,1.6944,34.832,14.222,19.935,1.3754,19.975
284,48.739,2580.2,25.614,50.636,3050.3,23.699,72.441,390.55,343.97,94.223,77.871,33.01,9.0392,23.257,6.9015,19.745,1.6944,34.832,14.222,19.935,1.3754,19.975
285,49.031,2584.3,25.488,49.884,3052.1,23.553,72.388,391.13,345.62,94.514,78.032,33.679,9.0489,24.111,6.8843,19.442,1.7107,34.607,14.167,20.48,1.257,19.479
286,49.465,2588.8,25.311,49.37,3054.7,23.324,72.341,390.89,347.01,94.16,78.029,33.679,9.0489,24.111,6.8843,19.442,1.7107,34.607,14.167,20.48,1.257,19.479
287,50.458,2591.4,24.937,49.905,3056.5,23.939,72.301,390.56,348.38,94.406,78.333,33.066,9.0213,24.14,6.8477,19.253,1.692,35.471,14.346,20.063,1.424,19.455
288,50.255,2594.9,24.664,49.072,3057.8,22.731,72.283,392.76,349.48,94.214,77.761,33.066,9.0213,24.14,6.8477,19.253,1.692,35.471,14.346,20.063,1.424,19.455
289,49.579,2599.2,25.535,50.32,3060.4,23.593,72.201,391.8,350.67,94.308,77.758,33.873,8.9613,23.738,6.7271,19.228,1.7071,35.082,14.126,20.549,1.1501,19.295
290,50.574,2605,23.971,49.012,3065.5,23.934,72.139,392.23,351.85,94.148,78.733,33.873,8.9613,23.738,6.7271,19.228,1.7071,35.082,14.126,20.549,1.1501,19.295
291,49.025,2612.8,22.563,50.577,3069.1,22.987,72.165,391.44,353.26,94.106,78.654,33.952,8.9376,24.449,6.7685,18.595,1.7208,35.553,14.107,20.971,1.1409,18.623
292,48.731,2612.9,25.935,49.483,3071.1,23.749,72.155,390.88,353.82,94.014,78.298,33.952,8.9376,24.449,6.7685,18.595,1.7208,35.553,14.107,20.971,1.1409,18.623
293,49.643,2617.8,26.439,49.091,3074.2,23.576,72.113,393.23,354.98,94.165,78.067,33.884,8.9764,24.5,6.7927,18.491,1.6689,35.797,14.005,20.874,1.2033,18.105
294,50.682,2620.5,26.19,48.689,3077,22.105,72.044,391.76,355.24,93.98,78.022,33.884,8.9764,24.5,6.7927,18.491,1.6689,35.797,14.005,20.874,1.2033,18.105
295,51.936,2627,23.817,49.811,3079.6,22.151,72.018,393.6,356.37,94.076,78.337,34.601,8.9905,24.979,6.7743,17.919,1.6564,35.782,13.971,21.615,1.2353,17.788
296,48.996,2632.3,23.503,50.326,3083,23.137,71.944,390.43,357.1,93.941,78.137,34.601,8.9905,24.979,6.7743,17.919,1.6564,35.782,13.971,21.615,1.2353,17.788
297,49.631,2634.8,24.667,50.953,3086.7,22.746,71.909,390.65,357.62,94.058,77.902,34.676,9.074,25.235,6.9782,17.952,1.6449,36.278,14.03,21.235,1.1852,17.92
298,48.939,2636.8,26.333,51.246,3089.7,22.198,71.795,393.71,358.07,94.032,78.173,34.676,9.074,25.235,6.9782,17.952,1.6449,36.278,14.03,21.235,1.1852,17.92
299,49.955,2643.8,23.487,49.374,3091.9,23.624,71.692,388.64,358.05,94.131,78.25,34.393,9.1437,24.944,6.5566,17.383,1.7294,36.056,14.003,22.121,1.0941,17.302
300,49.934,2649.5,26.201,52.017,3096.7,23.453,71.678,387.94,358.4,94.173,78.191,34.393,9.1437,24.944,6.5566,17.383,1.7294,36.056,14.003,22.121,1.0941,17.302
301,50.246,2651.4,23.875,50.992,3102.7,23.38,71.634,387.22,358.16,93.958,78.245,33.922,8.8105,25.581,6.81,17.813,1.691,36.558,13.801,22.599,1.1328,16.707
302,50.941,2654.5,25.85,50.325,3105.5,21.706,71.556,384.82,357.94,93.795,77.824,33.922,8.8105,25.581,6.81,17.813,1.691,36.558,13.801,22.599,1.1328,16.707
303,49.848,2656.7,23.629,49.734,3106.6,23.46,71.404,383.53,358.36,94.039,77.404,34.044,8.8321,25.921,6.8106,17.361,1.6824,36.027,13.842,22.149,0.95482,16.785
304,50.801,2660.9,24.373,50.132,3110.5,23.113,71.246,381.48,358.55,93.959,78.154,34.044,8.8321,25.921,6.8106,17.361,1.6824,36.027,13.842,22.149,0.95482,16.785
305,51.343,2666.2,25.678,48.383,3114.9,22.95,71.138,380.09,358.6,94.069,78.056,34.253,8.926,25.848,6.7217,17.577,1.6545,36.065,13.728,22.876,1.0684,16.633
306,50.551,2671.4,25.255,48.433,3119.3,22.814,71.029,375.73,358.25,93.965,78.184,34.253,8.926,25.848,6.7217,17.577,1.6545,36.065,13.728,22.876,1.0684,16.633
307,50.862,2674.8,24.312,49.847,3124.2,23.95,70.936,369.43,357.88,93.893,78.045,33.749,8.8915,26.083,6.7955,17.265,1.6267,36.146,13.684,22.989,1.2993,16.826
308,50.175,2676.7,24.952,48.7,3125.9,23.566,70.832,365.33,357.72,93.899,77.774,33.749,8.8915,26.083,6.7955,17.265,1.6267,36.146,13.684,22.989,1.2993,16.826
309,48.039,2677.4,24.011,49.717,3127.5,21.813,70.66,363.87,357.55,94.022,77.699,34.081,8.7517,26.696,6.7769,17.632,1.6597,35.244,13.612,23.317,0.95563,16.82
310,49.404,2678.9,26.162,49.719,3127.9,22.298,70.456,360.83,357.15,94.087,77.662,34.081,8.7517,26.696,6.7769,17.632,1.6597,35.244,13.612,23.317,0.95563,16.82
311,50.8,2681.6,25.501,48.679,3130.3,21.705,70.283,357.94,356.8,94.046,77.789,33.136,8.7095,26.468,6.8356,17.784,1.657,35.516,13.69,24.298,0.99769,16.361
312,47.734,2684.6,24.05,49.556,3132.1,21.281,70.113,352.2,356.44,94.099,77.613,33.136,8.7095,26.468,6.8356,17.784,1.657,35.516,13.69,24.298,0.99769,16.361
313,47.633,2685.9,25.949,49.693,3135.2,22.857,69.94,350.33,356.24,94.048,77.616,33.551,8.5378,26.399,6.5657,16.94,1.6515,35.244,13.52,24.32,1.1208,17.003
314,51.761,2686.6,23.811,49.27,3136.1,22.439,69.782,345.49,356.06,94.196,77.323,33.551,8.5378,26.399,6.5657,16.94,1.6515,35.244,13.52,24.32,1.1208,17.003
315,51.249,2687.3,25.588,50.683,3138.2,23.349,69.552,341.63,355.52,94.04,77.529,33.483,8.5347,26.749,6.6765,17.566,1.6247,35.21,13.571,24.568,1.186,16.559
316,51.569,2690.4,25.315,49.851,3141.6,23.358,69.385,334.67,354.9,93.905,77.814,33.483,8.5347,26.749,6.6765,17.566,1.6247,35.21,13.571,24.568,1.186,16.559
317,48.885,2692.4,24.731,51.489,3141.9,22.376,69.29,332.32,354.16,93.943,77.785,32.95,8.6676,27.43,6.6106,17.279,1.5893,35.137,13.529,24.939,1.2058,16.425
318,49.728,2687.2,23.009,50.461,3141.1,22.371,69.188,325.75,353.82,94.054,77.156,32.95,8.6676,27.43,6.6106,17.279,1.5893,35.137,13.529,24.939,1.2058,16.425
319,48.129,2685.2,25.224,49.727,3140.1,22.741,69.024,323.67,352.74,94.05,77.037,33.333,8.637,27.134,6.9059,17.607,1.5971,34.808,13.631,25.066,1.1098,16.572
320,50.138,2682.7,25.058,51.578,3138.9,22.321,68.774,316.85,352,94.024,77.274,33.333,8.637,27.134,6.9059,17.607,1.5971,34.808,13.631,25.066,1.1098,16.572
