,y,x1,x2,x3,x4,x5,x6,x7,x8,x9,x10,x11,x12,x13,x14,x15,x16,x17,x18,x19,x20,x21,x22
1,16.582,50.146,2634.6,24.862,49.303999999999995,3104.8,23.583000000000002,65.947,236.65,341.16,94.765,77.283,32.334,8.8885,26.469,6.9275,19.008,1.679,32.933,13.960999999999999,23.908,1.3612,18.419
2,16.582,52.181999999999995,2636.4,24.834,49.174,3105.5,23.244,65.888,234.71,341.65,94.677,77.14,32.334,8.8885,26.469,6.9275,19.008,1.679,32.933,13.960999999999999,23.908,1.3612,18.419
3,16.582,49.684,2636.2,26.959,51.536,3103.2,23.029,65.876,233.01,341.66,94.61200000000001,77.365,32.109,8.9995,26.158,6.7975,18.268,1.6477,33.666,13.790999999999999,24.266,1.2029,18.088
4,16.582,51.328,2637.7,26.238000000000003,50.638999999999996,3103.7,24.268,65.82300000000001,233.24,342.14,94.762,77.324,32.109,8.9995,26.158,6.7975,18.268,1.6477,33.666,13.790999999999999,24.266,1.2029,18.088
5,16.582,50.308,2639.5,23.753,49.276,3107.4,22.384,65.863,233.78,341.48,94.42200000000001,77.27600000000001,32.455999999999996,8.7973,26.795,7.0342,18.840999999999998,1.639,33.094,13.862,24.276,1.2823,18.368
6,18.925,48.888000000000005,2638.0,26.041,51.132,3106.6,22.601999999999997,65.878,234.62,341.61,94.624,77.14,32.455999999999996,8.7973,26.795,7.0342,18.840999999999998,1.639,33.094,13.862,24.276,1.2823,18.368
7,18.925,50.111999999999995,2638.4,25.674,49.62,3104.3,23.804000000000002,65.893,234.14,341.71,94.462,77.863,32.419000000000004,8.9176,26.535999999999998,7.0381,18.711,1.6582,33.269,13.934000000000001,24.203000000000003,1.2633,18.486
8,18.925,49.527,2636.8,27.723000000000003,50.637,3105.2,23.101999999999997,65.919,232.76,341.72,94.852,77.11399999999999,32.419000000000004,8.9176,26.535999999999998,7.0381,18.711,1.6582,33.269,13.934000000000001,24.203000000000003,1.2633,18.486
9,18.925,48.83,2631.7,24.125,49.468,3102.4,22.836,65.885,232.37,341.47,94.676,76.75399999999999,32.58,8.9907,26.41,6.8887,19.180999999999997,1.7112,32.661,13.819,23.660999999999998,1.2772,18.055
10,18.925,48.909,2633.0,26.026999999999997,50.056999999999995,3101.2,23.381999999999998,65.74,231.28,341.23,95.056,77.059,32.58,8.9907,26.41,6.8887,19.180999999999997,1.7112,32.661,13.819,23.660999999999998,1.2772,18.055
11,18.496,50.353,2637.3,25.316,48.989,3103.0,22.809,65.70100000000001,235.01,341.62,94.791,76.89,32.031,9.0231,25.926,6.8235,18.892,1.6205,32.709,13.800999999999998,23.89,1.338,18.51
12,18.496,49.588,2639.7,25.224,50.81399999999999,3105.0,23.893,65.669,236.24,341.91,94.911,77.52,32.031,9.0231,25.926,6.8235,18.892,1.6205,32.709,13.800999999999998,23.89,1.338,18.51
13,18.496,50.563,2643.8,24.686,49.953,3113.0,23.754,65.744,234.89,341.45,94.60799999999999,77.69800000000001,32.324,8.9773,26.95,7.0182,18.497,1.6252,33.164,13.652999999999999,23.788,1.3175,18.279
14,18.496,50.863,2649.0,24.813000000000002,50.071999999999996,3115.7,22.399,65.845,236.7,341.89,94.70200000000001,77.541,32.324,8.9773,26.95,7.0182,18.497,1.6252,33.164,13.652999999999999,23.788,1.3175,18.279
15,18.496,49.207,2648.0,26.166999999999998,50.008,3117.0,23.063000000000002,65.862,236.18,341.61,94.845,77.22800000000001,32.763000000000005,8.9365,26.504,6.8268,18.838,1.6644,32.709,13.706,24.307,1.193,18.942
16,19.537,49.45,2653.5,25.053,49.751999999999995,3119.6,22.338,65.83,237.81,341.97,94.896,77.639,32.763000000000005,8.9365,26.504,6.8268,18.838,1.6644,32.709,13.706,24.307,1.193,18.942
17,19.537,49.903,2655.5,25.95,50.77,3124.4,23.158,65.831,238.7,341.83,95.016,77.354,31.936,9.0783,26.697,6.8424,19.041,1.6557,33.086,13.741,24.294,1.2949,18.829
18,19.537,49.205,2660.9,25.275,49.43600000000001,3127.0,23.838,65.78399999999999,239.86,342.7,94.846,77.419,31.936,9.0783,26.697,6.8424,19.041,1.6557,33.086,13.741,24.294,1.2949,18.829
19,19.537,49.935,2665.4,25.828000000000003,52.035,3133.1,23.616999999999997,65.76899999999999,241.62,342.35,95.07600000000001,77.03399999999999,32.465,8.8844,26.485,6.8331,18.772000000000002,1.6278,32.628,13.732000000000001,23.962,1.2854,18.51
20,19.537,47.827,2669.8,24.967,50.785,3137.8,23.83,65.688,241.05,342.94,94.881,77.317,32.465,8.8844,26.485,6.8331,18.772000000000002,1.6278,32.628,13.732000000000001,23.962,1.2854,18.51
21,19.115,49.074,2676.1,25.498,48.982,3143.2,22.543000000000003,65.669,241.82,342.96,95.116,77.18,31.818,8.9162,26.255,7.0924,18.408,1.6715,32.981,13.693,24.768,1.2018,18.542
22,19.115,48.943999999999996,2684.2,24.691999999999997,49.402,3148.9,22.621,65.59899999999999,240.35,343.55,94.97200000000001,77.578,31.818,8.9162,26.255,7.0924,18.408,1.6715,32.981,13.693,24.768,1.2018,18.542
23,19.115,50.644,2691.7,25.268,48.91,3157.8,21.991999999999997,65.561,243.74,343.68,95.118,77.34899999999999,32.605,8.5025,26.409000000000002,7.0731,19.135,1.6194,32.757,13.648,24.389,1.2168,18.495
24,19.115,49.808,2699.8,24.311999999999998,49.851000000000006,3163.9,23.079,65.47399999999999,244.19,344.1,95.181,76.97,32.605,8.5025,26.409000000000002,7.0731,19.135,1.6194,32.757,13.648,24.389,1.2168,18.495
25,19.115,51.398999999999994,2706.8,25.383000000000003,47.744,3169.3,22.721,65.317,246.34,345.06,95.354,76.667,31.538,8.8507,26.730999999999998,7.015,18.419,1.6383,32.995,13.405,24.42,1.2719,18.523
26,19.237000000000002,50.648999999999994,2713.6,24.266,50.247,3176.2,22.526,65.157,243.4,345.32,95.44200000000001,77.111,31.538,8.8507,26.730999999999998,7.015,18.419,1.6383,32.995,13.405,24.42,1.2719,18.523
27,19.237000000000002,49.585,2726.7,24.828000000000003,49.597,3190.3,23.498,65.051,247.69,345.79,95.329,77.321,31.916999999999998,8.7489,26.765,6.8681,19.247,1.6169,33.367,13.34,24.921,1.0921,18.347
28,19.237000000000002,49.04,2741.3,24.666,50.449,3202.5,22.581999999999997,64.98,247.24,345.99,95.15700000000001,77.279,31.916999999999998,8.7489,26.765,6.8681,19.247,1.6169,33.367,13.34,24.921,1.0921,18.347
29,19.237000000000002,49.145,2751.3,24.17,49.104,3212.6,21.955,64.906,249.15,346.92,95.235,76.954,32.411,8.6221,26.291999999999998,6.7933,18.708,1.6002,32.661,13.52,24.73,1.2121,18.371
30,19.237000000000002,51.934,2760.5,24.24,49.288999999999994,3220.9,23.296999999999997,64.827,249.97,347.52,95.111,77.363,32.411,8.6221,26.291999999999998,6.7933,18.708,1.6002,32.661,13.52,24.73,1.2121,18.371
31,20.660999999999998,50.718999999999994,2767.2,26.045,48.733000000000004,3227.5,21.968000000000004,64.741,253.44,348.09,95.12299999999999,76.583,32.289,8.4774,26.454,6.4603,18.17,1.5759,33.131,13.435,24.873,1.265,18.492
32,20.660999999999998,52.193000000000005,2773.6,25.480999999999998,50.268,3232.5,22.246,64.551,253.99,348.39,95.20200000000001,76.58,32.289,8.4774,26.454,6.4603,18.17,1.5759,33.131,13.435,24.873,1.265,18.492
33,20.660999999999998,51.357,2780.8,25.809,49.513000000000005,3240.4,23.23,64.404,255.11,349.13,94.979,76.437,32.068000000000005,8.6251,27.254,6.7807,18.305999999999997,1.5891,33.346,13.157,25.041999999999998,0.9530799999999999,18.607
34,20.660999999999998,50.878,2788.9,24.89,49.055,3248.1,21.568,64.236,257.6,348.62,94.912,76.51,32.068000000000005,8.6251,27.254,6.7807,18.305999999999997,1.5891,33.346,13.157,25.041999999999998,0.9530799999999999,18.607
35,20.660999999999998,48.036,2797.9,24.206999999999997,50.203,3255.3,22.666999999999998,64.141,258.6,348.76,94.905,76.309,32.096,8.5524,27.24,6.6946,18.986,1.5978,33.499,13.245,25.294,1.101,18.178
36,19.345,49.583999999999996,2804.7,25.258000000000003,51.478,3261.2,22.619,64.065,261.97,348.83,95.064,76.32300000000001,32.096,8.5524,27.24,6.6946,18.986,1.5978,33.499,13.245,25.294,1.101,18.178
37,19.345,50.312,2812.3,23.962,51.138999999999996,3267.7,22.664,63.968999999999994,264.25,349.15,95.001,75.899,32.45,8.6832,27.203000000000003,7.004,18.430999999999997,1.6217,33.650999999999996,13.409,25.435,1.3561,18.044
38,19.345,53.003,2817.5,24.168000000000003,50.428000000000004,3271.2,21.723000000000003,63.903,264.74,349.39,95.05,75.99,32.45,8.6832,27.203000000000003,7.004,18.430999999999997,1.6217,33.650999999999996,13.409,25.435,1.3561,18.044
39,19.345,51.867,2819.8,24.316,48.897,3274.7,22.124000000000002,63.785,268.32,349.31,95.212,75.571,32.742,8.5326,27.215999999999998,6.7282,19.03,1.6115,33.983000000000004,13.019,25.662,1.0717,18.35
40,19.345,49.692,2824.8,24.314,49.763000000000005,3280.1,23.263,63.597,271.3,349.47,95.43700000000001,75.851,32.742,8.5326,27.215999999999998,6.7282,19.03,1.6115,33.983000000000004,13.019,25.662,1.0717,18.35
41,18.49,50.34,2838.0,24.673000000000002,48.31,3288.0,23.090999999999998,63.566,274.5,348.59,95.125,76.308,32.141,8.5152,27.076,6.8260000000000005,18.581,1.5623,33.256,12.955,25.668000000000003,1.2396,18.235
42,18.49,49.516000000000005,2841.0,25.116,51.229,3295.6,21.8,63.655,277.94,348.74,95.01,75.873,32.141,8.5152,27.076,6.8260000000000005,18.581,1.5623,33.256,12.955,25.668000000000003,1.2396,18.235
43,18.49,51.163999999999994,2848.8,26.017,50.498000000000005,3300.2,22.247,63.727,279.88,348.61,95.001,75.9,32.381,8.6044,27.504,6.6748,18.739,1.5807,33.7,13.027000000000001,25.51,1.3472,18.688
44,18.49,51.203,2849.6,24.27,50.371,3302.6,22.135,63.781000000000006,284.13,348.74,95.0,75.243,32.381,8.6044,27.504,6.6748,18.739,1.5807,33.7,13.027000000000001,25.51,1.3472,18.688
45,18.49,49.077,2848.0,25.874000000000002,49.775,3301.0,21.998,63.758,287.49,349.0,95.02,74.693,32.387,8.4409,27.96,6.8862,18.415,1.5666,33.622,13.262,25.916,1.2087,18.35
46,19.331,49.147,2844.5,24.127,47.153,3298.9,22.893,63.685,295.03,349.17,95.04299999999999,74.971,32.387,8.4409,27.96,6.8862,18.415,1.5666,33.622,13.262,25.916,1.2087,18.35
47,19.331,49.416000000000004,2846.9,24.439,50.551,3299.0,23.910999999999998,63.672,299.21,348.03,95.01700000000001,75.277,32.251,8.2803,27.489,6.979,19.035,1.5387,33.455999999999996,12.945,25.493000000000002,1.1263,18.512
48,19.331,49.723,2848.1,25.066,50.669,3300.0,22.154,63.827,303.28,348.0,95.20200000000001,74.874,32.251,8.2803,27.489,6.979,19.035,1.5387,33.455999999999996,12.945,25.493000000000002,1.1263,18.512
49,19.331,49.818999999999996,2846.1,25.76,51.138000000000005,3298.0,23.598000000000003,63.928000000000004,307.82,347.59,95.116,74.872,32.219,8.3004,27.523000000000003,7.0796,19.423,1.5741,33.179,13.068,25.614,1.3064,18.531
50,19.331,51.244,2845.4,26.688000000000002,47.885,3297.2,22.744,64.057,311.21,347.61,95.279,74.242,32.219,8.3004,27.523000000000003,7.0796,19.423,1.5741,33.179,13.068,25.614,1.3064,18.531
51,23.901999999999997,48.812,2840.1,25.924,47.521,3293.1,21.133000000000003,64.11,319.97,347.34,95.339,74.395,32.298,8.4384,27.016,7.1038,19.385,1.5894,33.69,13.094000000000001,25.889,1.1662,18.998
52,23.901999999999997,52.056000000000004,2839.1,24.145,49.45399999999999,3290.2,23.063000000000002,64.187,324.82,346.98,95.478,74.58800000000001,32.298,8.4384,27.016,7.1038,19.385,1.5894,33.69,13.094000000000001,25.889,1.1662,18.998
53,23.901999999999997,50.128,2839.7,26.388,50.373000000000005,3290.9,22.783,64.369,331.59,346.95,95.551,74.768,32.576,8.4318,27.394000000000002,6.9136,19.361,1.5713,32.878,13.16,25.644000000000002,1.1971,19.22
54,23.901999999999997,51.027,2840.4,25.221,50.01,3291.6,22.736,64.605,339.4,346.51,95.42,74.62,32.576,8.4318,27.394000000000002,6.9136,19.361,1.5713,32.878,13.16,25.644000000000002,1.1971,19.22
55,23.901999999999997,50.119,2836.5,24.169,51.151,3290.8,23.363000000000003,64.829,342.57,346.53,95.406,74.774,32.135,8.6425,27.444000000000003,6.903,19.445,1.5683,33.326,13.375,25.743000000000002,1.2648,18.738
56,20.416,49.379,2834.6,25.174,51.327,3289.3,22.723000000000003,65.11399999999999,352.22,345.9,95.411,74.543,32.135,8.6425,27.444000000000003,6.903,19.445,1.5683,33.326,13.375,25.743000000000002,1.2648,18.738
57,20.416,48.773999999999994,2830.0,24.535,49.097,3286.0,22.14,65.408,358.54,345.79,95.324,74.325,32.373000000000005,8.6087,27.365,6.7212,19.395,1.5971,32.88,13.373,25.468000000000004,1.5342,19.219
58,20.416,50.898999999999994,2823.9,26.628,48.95,3281.6,22.331999999999997,65.653,365.94,345.18,95.417,74.475,32.373000000000005,8.6087,27.365,6.7212,19.395,1.5971,32.88,13.373,25.468000000000004,1.5342,19.219
59,20.416,49.478,2820.5,26.736,50.688,3278.8,22.359,65.907,372.44,344.76,95.29799999999999,74.38,31.945999999999998,8.4724,27.018,6.7198,19.545,1.5832,32.657,13.287,25.721999999999998,1.4548,19.248
60,20.416,51.122,2813.8,27.225,51.613,3273.8,23.427,66.214,379.69,343.91,95.259,73.98,31.945999999999998,8.4724,27.018,6.7198,19.545,1.5832,32.657,13.287,25.721999999999998,1.4548,19.248
61,23.226,50.185,2809.1,28.26,48.952,3268.1,21.666999999999998,66.556,387.86,343.16,95.223,74.24,31.915,8.6621,27.124000000000002,6.9481,19.615,1.6380000000000001,32.605,13.084000000000001,25.388,1.2588,19.750999999999998
62,23.226,50.885,2799.6,27.397,48.913999999999994,3263.2,21.785999999999998,66.83800000000001,395.1,342.85,95.291,73.90899999999999,31.915,8.6621,27.124000000000002,6.9481,19.615,1.6380000000000001,32.605,13.084000000000001,25.388,1.2588,19.750999999999998
63,23.226,49.076,2796.5,26.338,48.44,3257.4,22.802,67.096,406.03,342.89,95.295,74.028,32.299,8.7038,27.316,7.0774,19.714000000000002,1.6633,32.295,13.549000000000001,24.63,1.173,19.202
64,23.226,48.938,2796.1,25.809,50.698,3256.4,24.319000000000003,67.438,414.43,341.92,95.369,74.491,32.299,8.7038,27.316,7.0774,19.714000000000002,1.6633,32.295,13.549000000000001,24.63,1.173,19.202
65,23.226,51.724,2791.1,27.22,50.891999999999996,3252.2,23.828000000000003,67.908,416.01,340.8,95.447,74.566,31.229,8.9721,26.631,7.1271,19.692999999999998,1.6525,32.663000000000004,13.66,25.52,1.3933,19.746
66,19.611,51.306000000000004,2782.3,25.468000000000004,51.457,3249.1,23.281,68.342,428.3,340.46,95.54799999999999,74.17399999999999,31.229,8.9721,26.631,7.1271,19.692999999999998,1.6525,32.663000000000004,13.66,25.52,1.3933,19.746
67,19.611,50.597,2776.9,27.103,49.766999999999996,3244.0,22.021,68.683,437.18,340.2,95.58,74.12899999999999,31.759,8.6375,26.105,7.0198,20.12,1.6585,32.191,13.54,24.711,1.2413,19.705
68,19.611,48.763999999999996,2775.9,25.230999999999998,50.553000000000004,3242.4,23.3,68.898,439.8,339.92,95.711,74.57600000000001,31.759,8.6375,26.105,7.0198,20.12,1.6585,32.191,13.54,24.711,1.2413,19.705
69,19.611,51.722,2773.7,26.392,48.86,3241.0,23.508000000000003,69.131,435.55,339.24,95.521,74.76100000000001,31.61,8.7941,26.89,6.9255,19.982,1.6506,32.171,13.588,24.645,1.34,20.322
70,19.611,51.356,2769.4,27.87,48.787,3238.4,21.939,69.307,436.11,338.97,95.573,74.279,31.61,8.7941,26.89,6.9255,19.982,1.6506,32.171,13.588,24.645,1.34,20.322
71,24.456,49.925,2763.2,26.314,49.031000000000006,3231.6,21.32,69.383,433.15,339.11,95.624,74.102,31.499000000000002,9.0261,26.2,6.7407,20.48,1.6944,32.153,13.595999999999998,24.38,1.3898,20.379
72,24.456,49.748999999999995,2759.1,25.771,48.238,3229.1,22.961,69.33,435.06,338.3,95.478,74.292,31.499000000000002,9.0261,26.2,6.7407,20.48,1.6944,32.153,13.595999999999998,24.38,1.3898,20.379
73,24.456,51.521,2757.6,26.096,49.325,3228.1,22.09,69.30199999999999,433.55,337.85,95.53399999999999,74.527,31.840999999999998,8.7707,26.19,6.8588,20.528000000000002,1.694,32.484,13.697000000000001,24.614,1.1963,19.887999999999998
74,24.456,48.268,2751.7,27.016,50.738,3224.2,23.111,69.407,433.4,337.85,95.169,74.514,31.840999999999998,8.7707,26.19,6.8588,20.528000000000002,1.694,32.484,13.697000000000001,24.614,1.1963,19.887999999999998
75,24.456,51.202,2745.5,27.383000000000003,50.056000000000004,3219.3,23.107,69.495,432.15,337.87,95.536,74.5,31.56,8.8266,26.338,6.8753,20.570999999999998,1.6987,32.161,13.98,23.730999999999998,1.2911,20.764
76,22.159000000000002,50.566,2739.5,27.912,50.825,3212.9,22.331,69.5,433.07,337.89,95.38600000000001,74.453,31.56,8.8266,26.338,6.8753,20.570999999999998,1.6987,32.161,13.98,23.730999999999998,1.2911,20.764
77,22.159000000000002,49.293,2734.4,27.041999999999998,49.523999999999994,3209.8,23.64,69.469,431.54,337.01,95.625,74.547,31.574,9.0096,26.389,6.7061,20.664,1.6622,32.159,13.93,23.836,1.1224,20.844
78,22.159000000000002,50.548,2731.1,27.238000000000003,50.025,3206.4,22.664,69.47800000000001,431.89,336.51,95.45200000000001,74.693,31.574,9.0096,26.389,6.7061,20.664,1.6622,32.159,13.93,23.836,1.1224,20.844
79,22.159000000000002,49.813,2733.0,25.607,49.548,3206.7,23.394000000000002,69.531,432.63,336.92,95.425,75.00399999999999,31.448,9.0773,25.552,6.9693,20.541999999999998,1.7434,31.815,14.127,24.18,1.1244,20.666999999999998
80,22.159000000000002,51.701,2730.0,26.590999999999998,51.297,3204.8,22.5,69.611,431.56,336.61,95.32600000000001,74.773,31.448,9.0773,25.552,6.9693,20.541999999999998,1.7434,31.815,14.127,24.18,1.1244,20.666999999999998
81,19.054000000000002,50.071000000000005,2727.9,28.381999999999998,50.332,3204.2,23.641,69.66199999999999,430.51,336.65,95.42299999999999,75.07600000000001,31.441,8.8325,25.863000000000003,6.9119,20.58,1.7553,32.211999999999996,13.958,23.752,1.0942,20.594
82,19.054000000000002,49.168,2727.8,26.607,49.801,3204.0,23.764,69.706,429.33,336.81,95.324,75.09,31.441,8.8325,25.863000000000003,6.9119,20.58,1.7553,32.211999999999996,13.958,23.752,1.0942,20.594
83,19.054000000000002,51.488,2726.9,27.186,51.385,3204.2,22.965999999999998,69.72399999999999,430.16,337.12,95.50299999999999,75.154,31.625999999999998,9.0772,25.909000000000002,6.702000000000001,20.572,1.7439,32.164,14.067,23.366,1.0716,20.671999999999997
84,19.054000000000002,50.422,2730.7,24.906,49.905,3204.3,22.206,69.73,430.29,337.77,95.368,75.15,31.625999999999998,9.0772,25.909000000000002,6.702000000000001,20.572,1.7439,32.164,14.067,23.366,1.0716,20.671999999999997
85,19.054000000000002,49.477,2730.6,25.622,49.115,3205.6,23.021,69.75399999999999,427.81,337.98,95.29299999999999,74.993,31.572,8.8682,25.733,6.6094,20.596999999999998,1.7905,31.816999999999997,13.995999999999999,23.096999999999998,1.1406,20.6
86,22.453000000000003,49.875,2729.3,27.927,50.28,3205.4,22.203000000000003,69.727,429.09,338.28,95.015,74.792,31.572,8.8682,25.733,6.6094,20.596999999999998,1.7905,31.816999999999997,13.995999999999999,23.096999999999998,1.1406,20.6
87,22.453000000000003,50.6,2729.0,26.028000000000002,47.025,3203.6,23.554000000000002,69.631,429.88,339.21,95.152,75.00399999999999,31.478,9.1054,25.516,6.7504,20.824,1.7536,32.519,14.033,23.112,0.98074,20.518
88,22.453000000000003,51.765,2727.5,23.044,50.698,3203.8,22.73,69.6,429.87,339.28,94.833,75.221,31.478,9.1054,25.516,6.7504,20.824,1.7536,32.519,14.033,23.112,0.98074,20.518
89,22.453000000000003,50.323,2730.8,25.581999999999997,51.871,3203.5,22.570999999999998,69.657,429.44,340.1,94.959,74.977,31.399,9.3896,25.93,6.7860000000000005,20.401,1.7429,32.516999999999996,14.062000000000001,22.846,1.0562,20.725
90,22.453000000000003,49.82899999999999,2729.1,26.455,50.989,3202.7,24.061,69.643,428.72,340.94,94.759,74.86,31.399,9.3896,25.93,6.7860000000000005,20.401,1.7429,32.516999999999996,14.062000000000001,22.846,1.0562,20.725
91,19.39,49.301,2730.3,26.541,49.576,3201.3,23.480999999999998,69.64,429.96,341.79,94.949,75.008,31.974,9.0523,25.5,6.781000000000001,20.076,1.7746,33.124,14.113,23.574,0.9206799999999999,20.619
92,19.39,48.761,2729.1,27.665,50.375,3199.6,23.601,69.556,431.79,342.94,94.67,75.138,31.974,9.0523,25.5,6.781000000000001,20.076,1.7746,33.124,14.113,23.574,0.9206799999999999,20.619
93,19.39,49.993,2732.5,25.361,49.655,3200.6,22.131,69.562,431.11,343.52,94.759,75.529,32.061,9.0723,25.46,6.7928,19.587,1.8092,33.05,13.999,23.164,1.0447,20.417
94,19.39,49.875,2731.8,26.212,47.942,3201.1,22.37,69.641,430.78,344.24,94.59,75.546,32.061,9.0723,25.46,6.7928,19.587,1.8092,33.05,13.999,23.164,1.0447,20.417
95,19.39,49.813,2730.7,25.254,50.831,3199.8,22.584,69.697,429.02,344.94,94.447,75.446,33.03,9.0545,25.651999999999997,6.653,19.625999999999998,1.7635,33.178000000000004,14.243,22.78,0.86741,20.197
96,20.73,51.64,2730.3,25.351999999999997,49.864,3198.0,22.859,69.73,425.74,345.75,94.43799999999999,75.4,33.03,9.0545,25.651999999999997,6.653,19.625999999999998,1.7635,33.178000000000004,14.243,22.78,0.86741,20.197
97,20.73,50.99,2725.8,25.76,49.383,3191.6,24.011999999999997,69.708,429.19,346.47,94.289,75.168,32.536,9.1309,25.756999999999998,6.7524,19.442999999999998,1.7757,33.208,14.122,22.962,0.7964399999999999,19.792
98,20.73,50.478,2722.3,25.921999999999997,50.815,3187.1,23.254,69.707,428.1,347.09,94.27600000000001,75.525,32.536,9.1309,25.756999999999998,6.7524,19.442999999999998,1.7757,33.208,14.122,22.962,0.7964399999999999,19.792
99,20.73,49.913999999999994,2719.5,25.135,48.745,3184.8,23.169,69.73100000000001,427.74,347.53,94.175,75.315,32.578,9.06,25.837,6.7106,19.203,1.7586,33.757,14.114,22.864,1.1339,19.287
100,20.73,49.858999999999995,2717.2,26.176,48.535,3180.5,22.578000000000003,69.789,428.02,348.06,94.25200000000001,75.685,32.578,9.06,25.837,6.7106,19.203,1.7586,33.757,14.114,22.864,1.1339,19.287
101,18.863,49.146,2714.8,28.56,51.424,3176.4,23.609,69.82600000000001,428.98,348.8,94.196,75.3,32.867,9.1151,26.278000000000002,6.7185,19.137,1.7508,33.802,14.427,22.909000000000002,0.8992,19.577
102,18.863,50.615,2709.8,27.114,51.507,3172.9,23.375999999999998,69.816,426.66,349.14,93.939,75.34899999999999,32.867,9.1151,26.278000000000002,6.7185,19.137,1.7508,33.802,14.427,22.909000000000002,0.8992,19.577
103,18.863,50.48,2708.6,24.085,50.019,3168.8,24.41,69.852,427.26,349.68,94.119,75.883,32.567,9.2219,25.93,6.7121,18.881,1.7988,33.64,14.295,23.023000000000003,1.1522,18.840999999999998
104,18.863,50.758,2703.3,27.697,50.51,3166.1,23.576999999999998,69.955,425.47,349.52,93.87200000000001,75.71300000000001,32.567,9.2219,25.93,6.7121,18.881,1.7988,33.64,14.295,23.023000000000003,1.1522,18.840999999999998
105,18.863,51.278,2703.2,25.128,50.128,3162.5,23.076,70.05,424.01,350.01,93.964,76.32,32.994,8.9893,25.897,6.8266,19.378,1.7480000000000002,34.449,14.399000000000001,23.148000000000003,1.0207,18.868
106,19.967,50.06,2700.7,24.461,50.118,3160.0,23.044,70.158,422.52,350.46,93.706,75.832,32.994,8.9893,25.897,6.8266,19.378,1.7480000000000002,34.449,14.399000000000001,23.148000000000003,1.0207,18.868
107,19.967,50.306999999999995,2691.7,26.666,50.18899999999999,3152.1,24.779,70.212,421.92,351.1,93.969,75.347,32.539,9.2871,26.412,6.6862,18.349,1.8344,34.491,14.343,23.052,1.0145,18.109
108,19.967,49.783,2690.4,25.311999999999998,51.272,3146.1,23.325,70.182,422.28,351.92,93.881,76.024,32.539,9.2871,26.412,6.6862,18.349,1.8344,34.491,14.343,23.052,1.0145,18.109
109,19.967,48.511,2689.9,25.884,49.843999999999994,3146.1,22.904,70.242,420.14,352.22,93.79,76.186,33.17,9.2771,26.169,6.8299,17.879,1.7971,34.089,14.547,23.29,1.0153,17.442
110,19.967,49.159,2689.6,24.625999999999998,48.028999999999996,3145.9,23.706,70.39,418.5,352.36,93.719,76.58,33.17,9.2771,26.169,6.8299,17.879,1.7971,34.089,14.547,23.29,1.0153,17.442
111,18.684,48.983999999999995,2682.5,25.676,51.45399999999999,3140.6,23.484,70.51100000000001,418.5,352.66,93.685,76.153,33.131,9.0581,26.029,6.7776,17.749000000000002,1.7935,34.522,14.491,23.397,0.99434,17.611
112,18.684,50.141999999999996,2679.3,25.588,50.339,3134.7,22.526999999999997,70.569,416.74,353.27,93.854,75.92399999999999,33.131,9.0581,26.029,6.7776,17.749000000000002,1.7935,34.522,14.491,23.397,0.99434,17.611
113,18.684,50.373999999999995,2675.2,25.947,49.83,3131.6,23.704,70.567,415.83,353.22,93.741,76.459,33.224000000000004,9.0958,26.487,6.8487,17.89,1.8027,34.615,14.449000000000002,23.585,1.0375,17.527
114,18.684,49.115,2672.8,24.427,49.431000000000004,3129.4,24.13,70.626,415.35,353.76,93.774,76.555,33.224000000000004,9.0958,26.487,6.8487,17.89,1.8027,34.615,14.449000000000002,23.585,1.0375,17.527
115,18.684,49.347,2669.6,26.91,49.08,3126.4,23.75,70.723,415.81,353.61,93.711,76.245,32.525999999999996,9.1391,26.430999999999997,6.6656,17.463,1.79,34.254,14.465,24.351999999999997,1.0336,16.93
116,19.412,51.037,2668.8,26.129,49.552,3121.5,23.061999999999998,70.795,412.42,353.57,93.78,76.583,32.525999999999996,9.1391,26.430999999999997,6.6656,17.463,1.79,34.254,14.465,24.351999999999997,1.0336,16.93
117,19.412,48.45,2667.6,26.064,50.716,3122.5,22.503,70.87100000000001,410.63,353.88,93.64399999999999,76.491,33.329,9.3036,26.235,6.8793,17.832,1.8338,34.603,14.569,23.912,1.2604,16.712
118,19.412,50.256,2663.9,23.91,51.123000000000005,3120.8,23.743000000000002,70.918,412.91,354.03,93.59899999999999,76.764,33.329,9.3036,26.235,6.8793,17.832,1.8338,34.603,14.569,23.912,1.2604,16.712
119,19.412,50.996,2660.4,24.941999999999997,50.801,3115.6,23.831,71.03399999999999,412.47,353.6,93.568,76.697,33.164,9.157,27.164,6.9287,16.993,1.778,34.372,14.375,24.005,1.0843,16.235
120,19.412,50.013999999999996,2658.2,25.693,49.559,3112.4,23.322,71.1,409.12,353.93,93.76,76.876,33.164,9.157,27.164,6.9287,16.993,1.778,34.372,14.375,24.005,1.0843,16.235
121,19.234,48.497,2654.8,24.184,48.821999999999996,3110.1,23.02,71.184,408.09,353.75,93.79,76.51,32.909,9.1966,26.738000000000003,7.0876,17.218,1.8233,34.241,14.693,24.804000000000002,1.2646,16.833
122,19.234,50.336999999999996,2654.5,25.603,50.195,3108.4,23.636999999999997,71.184,408.4,353.73,93.90899999999999,76.904,32.909,9.1966,26.738000000000003,7.0876,17.218,1.8233,34.241,14.693,24.804000000000002,1.2646,16.833
123,19.234,48.457,2653.5,23.622,49.293,3108.7,23.908,71.229,405.85,353.85,93.882,77.122,32.916,9.132,27.209,6.9704,17.19,1.7455,33.781,14.544,24.607,1.2266,16.125999999999998
124,19.234,50.669,2655.8,24.373,49.68,3109.5,23.336,71.3,405.22,353.73,93.99600000000001,77.235,32.916,9.132,27.209,6.9704,17.19,1.7455,33.781,14.544,24.607,1.2266,16.125999999999998
125,19.234,50.03,2654.2,24.451999999999998,51.886,3108.9,22.51,71.38600000000001,405.33,354.0,93.94200000000001,77.023,33.225,9.1289,27.026,7.0127,16.743,1.7297,34.399,14.584000000000001,24.454,1.3159,15.853
126,15.078,49.00899999999999,2656.0,23.359,49.583999999999996,3108.8,24.636,71.414,406.82,353.99,93.994,77.318,33.225,9.1289,27.026,7.0127,16.743,1.7297,34.399,14.584000000000001,24.454,1.3159,15.853
127,15.078,49.852,2654.2,24.838,51.575,3108.5,22.958000000000002,71.472,401.67,353.99,93.941,77.288,32.555,9.2181,27.305,7.0412,16.893,1.777,34.013000000000005,14.672,24.77,1.2911,15.389000000000001
128,15.078,48.37,2655.5,24.927,50.091,3110.3,22.886999999999997,71.493,403.64,353.62,93.97,76.99,32.555,9.2181,27.305,7.0412,16.893,1.777,34.013000000000005,14.672,24.77,1.2911,15.389000000000001
129,15.078,50.143,2655.6,23.051,49.047,3110.9,22.514,71.508,404.42,353.73,94.02,77.35300000000001,32.785,9.3419,27.628,6.8615,16.607,1.8005,33.949,14.439,25.199,1.3717,15.807
130,15.078,49.581,2658.3,24.744,49.788999999999994,3113.0,22.953000000000003,71.523,403.55,353.67,94.01899999999999,77.634,32.785,9.3419,27.628,6.8615,16.607,1.8005,33.949,14.439,25.199,1.3717,15.807
131,19.804000000000002,50.657,2662.7,25.746,49.45,3114.9,22.531999999999996,71.571,401.58,353.58,93.99,77.375,33.02,9.3565,27.658,6.9605,16.85,1.8054,34.039,14.558,25.229,1.3138,15.529000000000002
132,19.804000000000002,48.693999999999996,2663.6,25.193,47.715,3117.7,22.154,71.57600000000001,397.67,353.24,93.976,77.418,33.02,9.3565,27.658,6.9605,16.85,1.8054,34.039,14.558,25.229,1.3138,15.529000000000002
133,19.804000000000002,49.582,2661.4,24.938000000000002,48.516000000000005,3117.2,22.642,71.587,398.9,353.24,94.085,77.29899999999999,32.62,9.2385,27.49,6.9324,16.671,1.7808,34.333,14.481,25.421999999999997,1.339,15.748
134,19.804000000000002,49.159,2664.2,25.63,49.406000000000006,3117.9,23.182,71.548,397.18,353.15,94.26700000000001,77.221,32.62,9.2385,27.49,6.9324,16.671,1.7808,34.333,14.481,25.421999999999997,1.339,15.748
135,19.804000000000002,48.976000000000006,2669.3,24.355999999999998,50.523999999999994,3123.0,22.815,71.527,400.91,352.79,94.351,77.439,32.661,9.1907,27.116999999999997,6.9386,16.739,1.7734,34.015,14.61,25.866,1.3743,14.905
136,16.382,49.706,2674.7,24.603,50.162,3127.1,23.886,71.546,394.54,352.78,94.29899999999999,77.39399999999999,32.661,9.1907,27.116999999999997,6.9386,16.739,1.7734,34.015,14.61,25.866,1.3743,14.905
137,16.382,49.825,2678.0,24.858,51.3,3132.6,22.545,71.508,393.37,352.2,94.484,77.623,32.708,9.0801,27.983,7.0019,16.469,1.7635,33.381,14.255,26.08,1.5479,15.287
138,16.382,50.31,2683.8,24.375999999999998,50.391000000000005,3138.6,23.73,71.43,392.96,351.99,94.45,77.51,32.708,9.0801,27.983,7.0019,16.469,1.7635,33.381,14.255,26.08,1.5479,15.287
139,16.382,50.78,2693.6,25.910999999999998,50.086000000000006,3147.8,23.45,71.37899999999999,391.43,351.61,94.65700000000001,77.607,32.634,9.2695,27.45,6.9207,16.118,1.8172,33.185,14.164000000000001,26.502,1.48,15.687000000000001
140,16.382,50.07,2700.0,24.302,50.092,3155.3,23.499000000000002,71.282,392.15,351.15,94.601,77.602,32.634,9.2695,27.45,6.9207,16.118,1.8172,33.185,14.164000000000001,26.502,1.48,15.687000000000001
141,17.055999999999997,49.387,2709.0,24.070999999999998,48.986999999999995,3164.9,23.519000000000002,71.206,385.86,351.09,94.74700000000001,77.631,32.286,9.1196,27.934,6.9272,16.599,1.7923,33.537,14.218,26.136,1.5065,15.37
142,17.055999999999997,50.331,2716.5,26.57,48.961000000000006,3173.3,22.386,71.118,386.87,350.74,94.684,77.02,32.286,9.1196,27.934,6.9272,16.599,1.7923,33.537,14.218,26.136,1.5065,15.37
143,17.055999999999997,48.522,2724.3,24.019000000000002,49.221000000000004,3179.5,24.208000000000002,70.892,384.14,350.94,95.061,76.872,32.498000000000005,8.9403,28.455,6.7783,16.867,1.7669,33.482,13.967,26.363000000000003,1.3266,15.953
144,17.055999999999997,49.864,2730.8,24.491999999999997,49.269,3188.9,23.0,70.62,384.36,350.34,94.79899999999999,76.92399999999999,32.498000000000005,8.9403,28.455,6.7783,16.867,1.7669,33.482,13.967,26.363000000000003,1.3266,15.953
145,17.055999999999997,48.613,2745.7,24.631999999999998,49.583999999999996,3200.3,23.935,70.437,383.44,350.23,95.07700000000001,77.363,31.735,9.0092,28.237,7.0111,16.489,1.7042,32.306999999999995,14.085,26.903000000000002,1.3637,16.101
146,18.784000000000002,50.582,2757.3,25.861,50.013000000000005,3213.5,22.775,70.317,381.7,349.47,94.758,77.595,31.735,9.0092,28.237,7.0111,16.489,1.7042,32.306999999999995,14.085,26.903000000000002,1.3637,16.101
147,18.784000000000002,48.964,2766.0,24.079,49.805,3223.4,22.605,70.195,377.58,349.31,95.061,77.20100000000001,31.789,9.0839,28.226,6.9254,17.107,1.6952,32.747,14.045,26.41,1.3733,15.952
148,18.784000000000002,49.93899999999999,2776.6,24.976999999999997,50.475,3234.6,22.493000000000002,69.977,374.58,349.2,95.15,77.093,31.789,9.0839,28.226,6.9254,17.107,1.6952,32.747,14.045,26.41,1.3733,15.952
149,18.784000000000002,51.707,2784.6,26.533,48.04,3242.8,22.843000000000004,69.742,372.85,349.61,95.177,76.476,31.765,8.9244,28.264,6.822,17.337,1.6937,33.279,13.665,27.276,1.4242,16.426
150,18.784000000000002,49.102,2792.4,25.748,49.341,3251.2,24.075,69.398,374.31,349.03,95.334,76.946,31.765,8.9244,28.264,6.822,17.337,1.6937,33.279,13.665,27.276,1.4242,16.426
151,19.242,49.691,2804.2,24.651,49.799,3262.6,22.648000000000003,69.119,369.23,348.94,95.086,76.507,31.898000000000003,8.8492,28.480999999999998,6.7275,17.945999999999998,1.6816,32.900999999999996,13.665999999999999,27.412,1.2045,16.461
152,19.242,50.357,2813.4,25.336,50.855,3270.9,23.263,68.83,369.87,348.75,95.225,76.235,31.898000000000003,8.8492,28.480999999999998,6.7275,17.945999999999998,1.6816,32.900999999999996,13.665999999999999,27.412,1.2045,16.461
153,19.242,51.681999999999995,2820.6,25.06,48.537,3278.0,22.491,68.538,369.36,348.35,95.022,76.563,31.685,8.7487,28.221,6.8992,18.065,1.6605,32.629,13.472000000000001,27.551,1.4049,17.586
154,19.242,50.472,2828.0,26.035999999999998,51.623000000000005,3283.8,23.361,68.32600000000001,363.32,347.89,95.145,76.279,31.685,8.7487,28.221,6.8992,18.065,1.6605,32.629,13.472000000000001,27.551,1.4049,17.586
155,19.242,49.166000000000004,2830.6,24.774,50.772,3289.2,22.362,68.14,361.85,347.46,94.915,75.729,32.132,8.6159,28.316999999999997,7.0236,17.886,1.6629,32.243,13.509,26.9,1.4437,17.176
156,20.654,51.232,2834.4,23.026,49.973,3290.7,22.149,67.872,360.18,347.03,95.162,75.958,32.132,8.6159,28.316999999999997,7.0236,17.886,1.6629,32.243,13.509,26.9,1.4437,17.176
157,20.654,49.833,2834.8,25.656999999999996,50.343,3293.1,23.362,67.68,361.3,347.65,95.07600000000001,75.88600000000001,31.649,8.7164,28.03,6.9713,17.988,1.6469999999999998,32.575,13.214,27.487,1.2221,17.332
158,20.654,50.076,2834.9,25.976,48.443000000000005,3293.1,21.683000000000003,67.487,359.94,346.45,95.20700000000001,75.347,31.649,8.7164,28.03,6.9713,17.988,1.6469999999999998,32.575,13.214,27.487,1.2221,17.332
159,20.654,48.907,2834.1,25.158,48.967,3293.2,22.459,67.329,357.09,346.05,95.113,75.227,31.473000000000003,8.586,28.408,6.9932,18.611,1.6187,32.542,13.407,27.335,1.2832,17.096
160,20.654,50.368,2834.6,26.825,49.285,3293.6,22.611,67.057,357.26,345.58,95.21700000000001,74.836,31.473000000000003,8.586,28.408,6.9932,18.611,1.6187,32.542,13.407,27.335,1.2832,17.096
161,21.232,50.83,2831.9,23.443,49.656000000000006,3291.5,22.055999999999997,66.89,356.72,345.39,95.199,75.53699999999999,31.712,8.5323,28.118000000000002,6.9695,18.529,1.6334,32.501999999999995,13.4,27.677,1.2719,17.764
162,21.232,49.013000000000005,2832.0,27.484,49.77,3291.2,22.593000000000004,66.821,359.03,344.55,95.166,75.112,31.712,8.5323,28.118000000000002,6.9695,18.529,1.6334,32.501999999999995,13.4,27.677,1.2719,17.764
163,21.232,49.085,2827.7,24.191999999999997,49.982,3288.5,21.873,66.77199999999999,359.13,344.24,95.126,75.215,31.388,8.5297,27.88,6.8798,18.938,1.6159999999999999,31.767,13.328,26.984,1.1641,18.305
164,21.232,50.20399999999999,2823.6,25.892,50.135,3283.5,23.449,66.734,358.33,344.08,95.199,74.958,31.388,8.5297,27.88,6.8798,18.938,1.6159999999999999,31.767,13.328,26.984,1.1641,18.305
165,21.232,49.99100000000001,2817.9,25.314,50.74,3281.1,22.889,66.752,358.91,343.63,95.17399999999999,74.866,31.395,8.4524,27.804000000000002,7.1267,18.934,1.6101,31.943,13.279000000000002,27.026999999999997,1.0007,18.325
166,20.17,47.96,2811.1,24.328000000000003,48.88399999999999,3274.3,22.656,66.764,360.27,342.47,95.023,74.70100000000001,31.395,8.4524,27.804000000000002,7.1267,18.934,1.6101,31.943,13.279000000000002,27.026999999999997,1.0007,18.325
167,20.17,49.312,2803.0,24.443,49.346000000000004,3266.0,22.006,66.819,365.0,342.61,95.34,74.37,31.666999999999998,8.8407,27.999000000000002,7.0219,18.528,1.6244,31.69,13.374,27.12,1.1927,18.205
168,20.17,48.698,2794.9,26.225,50.699,3259.4,22.410999999999998,66.82300000000001,364.57,341.98,95.34200000000001,74.566,31.666999999999998,8.8407,27.999000000000002,7.0219,18.528,1.6244,31.69,13.374,27.12,1.1927,18.205
169,20.17,51.023999999999994,2791.5,26.425,50.675,3255.7,23.495,66.85300000000001,367.13,341.18,95.42,74.822,31.014,8.7473,27.518,6.8565,19.61,1.6423,31.436,13.425,26.836,1.5363,18.624000000000002
170,20.17,51.095,2786.6,25.398000000000003,50.276,3252.6,22.712,66.98100000000001,367.64,340.22,95.32600000000001,74.836,31.014,8.7473,27.518,6.8565,19.61,1.6423,31.436,13.425,26.836,1.5363,18.624000000000002
171,20.956,49.592,2781.2,26.095,50.946999999999996,3246.2,22.455,67.233,375.57,339.43,95.266,74.682,31.384,8.5076,27.436,6.8772,19.784000000000002,1.6584,31.616999999999997,13.595999999999998,26.514,1.3559,18.706
172,20.956,52.431000000000004,2771.5,25.278000000000002,51.451,3240.6,22.683000000000003,67.493,379.53,338.48,95.219,74.687,31.384,8.5076,27.436,6.8772,19.784000000000002,1.6584,31.616999999999997,13.595999999999998,26.514,1.3559,18.706
173,20.956,50.952,2760.2,24.366,50.224,3230.8,22.705,67.771,382.93,338.24,95.234,74.68,30.962,8.7105,27.878,6.9927,20.45,1.6905,31.445999999999998,13.458,26.531999999999996,1.1759,19.335
174,20.956,50.357,2748.0,25.488000000000003,48.75,3220.6,22.363000000000003,68.015,386.36,336.63,95.37899999999999,74.59899999999999,30.962,8.7105,27.878,6.9927,20.45,1.6905,31.445999999999998,13.458,26.531999999999996,1.1759,19.335
175,20.956,50.568000000000005,2737.4,26.968000000000004,48.848,3210.4,22.248,68.176,390.07,336.14,95.444,74.66,30.991,8.875,27.301,7.0668,19.977,1.6479,31.647,13.76,25.680999999999997,1.3829,19.471
176,21.796,50.56100000000001,2730.9,23.338,49.78,3203.5,22.186,68.431,397.79,335.74,95.385,74.87100000000001,30.991,8.875,27.301,7.0668,19.977,1.6479,31.647,13.76,25.680999999999997,1.3829,19.471
177,21.796,49.608000000000004,2719.1,24.489,49.358999999999995,3195.7,23.369,68.71300000000001,400.57,334.39,95.714,74.173,31.011,8.7806,26.910999999999998,6.9552,20.111,1.6649,30.948,13.925999999999998,25.668000000000003,1.6101,19.968
178,21.796,50.891999999999996,2712.8,26.747,49.321000000000005,3187.8,23.818,68.935,408.62,333.92,95.594,74.918,31.011,8.7806,26.910999999999998,6.9552,20.111,1.6649,30.948,13.925999999999998,25.668000000000003,1.6101,19.968
179,21.796,51.228,2710.2,27.311999999999998,48.376000000000005,3184.3,24.415,69.285,412.92,333.41,95.51799999999999,75.419,30.906,8.9942,27.009,7.1416,20.041,1.6647,30.949,13.722999999999999,25.29,1.3855,20.416
180,21.796,50.326,2701.9,24.128,48.725,3179.3,24.128,69.735,417.3,332.15,95.42399999999999,75.17399999999999,30.906,8.9942,27.009,7.1416,20.041,1.6647,30.949,13.722999999999999,25.29,1.3855,20.416
181,21.261999999999997,50.714,2692.9,24.761999999999997,48.49,3173.4,22.443,70.113,420.04,331.67,95.54,75.111,30.930999999999997,8.8897,26.772,7.0695,20.230999999999998,1.7212,31.326,13.855,24.709,1.6057,20.217
182,21.261999999999997,50.36,2686.3,24.899,49.758,3167.0,22.831999999999997,70.36399999999999,419.75,330.88,95.617,75.11,30.930999999999997,8.8897,26.772,7.0695,20.230999999999998,1.7212,31.326,13.855,24.709,1.6057,20.217
183,21.261999999999997,50.813,2677.8,26.109,52.55,3159.5,22.225,70.47399999999999,418.19,330.79,95.617,75.149,30.491999999999997,8.9914,26.045,7.1354,20.239,1.6671,30.701,13.98,23.774,1.4389,20.442999999999998
184,21.261999999999997,50.676,2673.6,26.72,50.265,3155.4,23.384,70.539,416.26,330.33,95.571,75.34100000000001,30.491999999999997,8.9914,26.045,7.1354,20.239,1.6671,30.701,13.98,23.774,1.4389,20.442999999999998
185,21.261999999999997,48.753,2668.3,27.201,49.317,3152.4,23.029,70.63,416.28,329.53,95.566,75.393,31.303,8.9103,25.529,7.1099,20.347,1.7405,31.014,14.042,23.63,1.5653,20.442999999999998
186,21.401,49.931000000000004,2663.9,27.241,49.531000000000006,3146.4,22.41,70.694,414.84,329.75,95.678,75.384,31.303,8.9103,25.529,7.1099,20.347,1.7405,31.014,14.042,23.63,1.5653,20.442999999999998
187,21.401,50.731,2656.6,25.221999999999998,48.648999999999994,3140.5,22.365,70.774,416.1,329.26,95.598,75.417,30.965999999999998,9.0691,26.258000000000003,7.0274,20.76,1.7673,31.212,14.034,23.543000000000003,1.5017,20.505
188,21.401,49.489,2652.7,26.086,49.738,3137.4,24.06,70.782,414.15,329.1,95.59100000000001,75.77199999999999,30.965999999999998,9.0691,26.258000000000003,7.0274,20.76,1.7673,31.212,14.034,23.543000000000003,1.5017,20.505
189,21.401,49.733999999999995,2648.8,26.453000000000003,48.975,3134.5,23.912,70.859,409.5,328.9,95.53399999999999,75.655,31.095,9.0441,25.22,7.0342,20.246,1.7398,31.236,13.967,23.096,1.5775,20.88
190,21.401,50.096000000000004,2645.4,25.811999999999998,51.958,3131.7,23.534000000000002,70.892,411.65,329.07,95.604,75.921,31.095,9.0441,25.22,7.0342,20.246,1.7398,31.236,13.967,23.096,1.5775,20.88
191,20.204,48.978,2644.9,26.914,50.347,3129.9,22.875999999999998,70.975,410.51,328.99,95.227,76.035,31.098000000000003,9.0423,25.467,7.0338,21.189,1.7629,31.416999999999998,14.219000000000001,22.845,1.5972,21.064
192,20.204,50.506,2640.2,25.482,51.824,3128.5,22.408,71.038,410.44,328.64,95.697,75.87,31.098000000000003,9.0423,25.467,7.0338,21.189,1.7629,31.416999999999998,14.219000000000001,22.845,1.5972,21.064
193,20.204,49.196000000000005,2640.0,24.328000000000003,49.766000000000005,3124.4,23.557,71.1,408.37,329.71,95.221,76.041,31.206,9.0483,25.049,7.1057,20.605,1.7594,31.941999999999997,14.247,22.881,1.5296,20.884
194,20.204,49.119,2635.1,26.660999999999998,50.071000000000005,3122.0,22.79,71.10600000000001,408.7,330.39,95.5,75.947,31.206,9.0483,25.049,7.1057,20.605,1.7594,31.941999999999997,14.247,22.881,1.5296,20.884
195,20.204,47.967,2635.1,25.471999999999998,48.978,3118.4,24.218000000000004,71.063,409.86,331.41,95.414,75.972,31.671,9.06,24.997,6.8588,20.703000000000003,1.7871,31.871,14.187000000000001,22.408,1.6780000000000002,20.756
196,18.724,51.95,2636.0,25.728,51.045,3119.3,23.458000000000002,71.043,409.42,332.28,95.37100000000001,76.415,31.671,9.06,24.997,6.8588,20.703000000000003,1.7871,31.871,14.187000000000001,22.408,1.6780000000000002,20.756
197,18.724,50.498000000000005,2638.6,25.691,49.283,3120.7,23.771,71.098,410.5,332.95,95.11399999999999,76.436,31.56,9.0711,25.081999999999997,6.9343,20.658,1.7667,31.335,13.924000000000001,21.701999999999998,1.3784,21.445
198,18.724,49.144,2640.3,24.328000000000003,51.323,3119.5,23.000999999999998,71.167,409.37,333.83,95.025,76.533,31.56,9.0711,25.081999999999997,6.9343,20.658,1.7667,31.335,13.924000000000001,21.701999999999998,1.3784,21.445
199,18.724,50.448,2639.7,25.41,49.445,3118.2,24.396,71.2,408.61,335.05,94.96799999999999,76.244,32.071999999999996,9.3562,25.02,6.9564,20.601,1.751,32.733000000000004,14.202,21.914,1.2928,20.933000000000003
200,18.724,49.559,2636.6,26.689,50.482,3118.2,22.733,71.21,405.48,335.73,94.988,75.985,32.071999999999996,9.3562,25.02,6.9564,20.601,1.751,32.733000000000004,14.202,21.914,1.2928,20.933000000000003
201,19.354,49.213,2635.8,25.028000000000002,49.321000000000005,3112.4,23.123,71.128,409.24,337.31,94.835,76.505,31.763,9.1868,24.546999999999997,7.1819,19.905,1.7843,32.628,14.218,21.874000000000002,1.3762,21.044
202,19.354,50.872,2636.2,24.766,49.17100000000001,3112.4,22.951,71.08,408.49,338.25,95.08200000000001,76.24,31.763,9.1868,24.546999999999997,7.1819,19.905,1.7843,32.628,14.218,21.874000000000002,1.3762,21.044
203,19.354,51.108999999999995,2638.7,26.476,50.992,3112.6,23.375999999999998,71.047,410.28,339.74,94.944,76.328,32.23,9.0562,24.885,6.7757,20.5,1.8265,33.051,14.208,21.631,1.3568,20.325
204,19.354,49.833999999999996,2642.9,25.017,50.227,3115.5,23.313000000000002,70.976,411.01,341.78,94.991,76.753,32.23,9.0562,24.885,6.7757,20.5,1.8265,33.051,14.208,21.631,1.3568,20.325
205,19.354,52.111000000000004,2648.6,25.991999999999997,49.717,3120.2,23.136,70.96600000000001,409.48,342.81,94.65700000000001,77.046,32.374,8.8786,24.455,6.7225,20.105999999999998,1.8192,33.37,14.183,22.05,1.2919,19.811
206,16.645,48.138999999999996,2651.0,26.759,49.861000000000004,3122.1,24.163,71.062,409.45,343.99,94.426,77.241,32.374,8.8786,24.455,6.7225,20.105999999999998,1.8192,33.37,14.183,22.05,1.2919,19.811
207,16.645,51.192,2652.3,24.221,48.885,3121.3,23.383000000000003,71.155,407.63,345.59,94.28200000000001,77.087,32.57,9.1158,25.182,6.8336,19.68,1.7942,33.929,14.204,21.403000000000002,1.2736,19.368
208,16.645,52.071000000000005,2650.7,24.096,50.03,3118.2,23.845,71.166,407.21,347.08,94.228,76.538,32.57,9.1158,25.182,6.8336,19.68,1.7942,33.929,14.204,21.403000000000002,1.2736,19.368
209,16.645,49.574,2649.5,25.429000000000002,49.61,3117.4,23.323,71.036,407.73,348.08,94.31299999999999,76.922,32.931999999999995,9.0719,24.82,6.7264,19.582,1.8259,34.147,14.17,21.671999999999997,1.3317,19.469
210,16.645,49.755,2654.4,25.164,47.93600000000001,3115.9,23.0,70.98899999999999,412.2,350.11,94.31,76.686,32.931999999999995,9.0719,24.82,6.7264,19.582,1.8259,34.147,14.17,21.671999999999997,1.3317,19.469
211,18.851,52.843999999999994,2658.3,25.099,49.924,3117.6,23.153000000000002,70.94,410.99,351.32,94.139,77.361,33.602,8.9384,25.005,7.0567,18.583,1.7762,34.724000000000004,14.064,21.969,1.4192,19.253
212,18.851,51.193999999999996,2661.0,25.026999999999997,49.875,3121.4,23.987,71.014,409.72,352.48,93.956,77.337,33.602,8.9384,25.005,7.0567,18.583,1.7762,34.724000000000004,14.064,21.969,1.4192,19.253
213,18.851,50.169,2664.7,25.305999999999997,49.698,3120.5,22.737,71.092,409.72,354.19,94.124,77.2,33.865,9.1293,24.789,6.8183,18.949,1.7661,35.226,14.008,22.249000000000002,1.1475,18.348
214,18.851,50.843999999999994,2663.7,27.153000000000002,49.206,3120.9,23.394000000000002,71.09100000000001,407.26,355.22,94.164,76.991,33.865,9.1293,24.789,6.8183,18.949,1.7661,35.226,14.008,22.249000000000002,1.1475,18.348
215,18.851,50.067,2669.1,26.31,50.763999999999996,3123.1,23.721999999999998,70.995,409.94,356.06,94.141,77.245,33.654,8.947000000000001,25.441999999999997,6.8316,18.665,1.7737,34.829,14.092,22.51,1.0882,18.252
216,18.894000000000002,49.763000000000005,2673.0,24.748,50.922,3125.0,23.026999999999997,71.039,408.74,356.7,93.954,77.25399999999999,33.654,8.947000000000001,25.441999999999997,6.8316,18.665,1.7737,34.829,14.092,22.51,1.0882,18.252
217,18.894000000000002,51.486000000000004,2674.0,26.943,49.957,3125.9,22.84,71.044,409.2,358.11,94.027,77.08800000000001,33.411,8.823,25.758000000000003,6.6797,18.113,1.7893,35.644,13.96,22.646,0.97741,17.729
218,18.894000000000002,49.909,2676.3,25.623,51.236999999999995,3126.8,23.215999999999998,71.008,408.59,358.81,93.89299999999999,77.389,33.411,8.823,25.758000000000003,6.6797,18.113,1.7893,35.644,13.96,22.646,0.97741,17.729
219,18.894000000000002,49.169,2681.9,26.636,49.872,3130.5,23.743000000000002,70.998,409.08,359.52,93.84700000000001,77.527,34.391999999999996,8.9604,26.302,6.6111,17.905,1.7661,35.854,13.943,23.24,1.0445,17.164
220,18.894000000000002,48.141999999999996,2688.6,23.141,50.383,3133.8,22.570999999999998,71.025,409.76,360.73,93.575,77.57300000000001,34.391999999999996,8.9604,26.302,6.6111,17.905,1.7661,35.854,13.943,23.24,1.0445,17.164
221,18.748,49.538999999999994,2689.2,22.896,49.799,3134.4,22.986,71.029,409.57,361.59,93.59700000000001,77.324,33.824,8.7446,26.298000000000002,6.5108,17.28,1.7248,35.634,14.177,23.252,1.1476,17.153
222,18.748,49.553999999999995,2688.8,25.31,48.147,3132.6,21.916999999999998,71.067,409.26,361.74,93.544,77.01899999999999,33.824,8.7446,26.298000000000002,6.5108,17.28,1.7248,35.634,14.177,23.252,1.1476,17.153
223,18.748,49.495,2687.4,24.734,50.254,3132.9,23.669,71.001,410.42,362.44,93.531,77.245,34.187,8.8562,26.503,6.4957,16.878,1.7830000000000001,36.141999999999996,14.107000000000001,23.878,0.82788,16.268
224,18.748,50.148999999999994,2689.1,25.309,50.644,3134.6,21.978,70.997,410.44,362.58,93.398,77.281,34.187,8.8562,26.503,6.4957,16.878,1.7830000000000001,36.141999999999996,14.107000000000001,23.878,0.82788,16.268
225,18.748,49.903,2690.1,26.046999999999997,50.123000000000005,3134.5,24.581,70.99600000000001,409.39,362.64,93.359,77.184,34.243,8.9455,26.816999999999997,6.7814,17.083,1.7311,36.226,13.78,24.302,0.79452,16.157
226,19.005,50.478,2692.3,25.116,49.418,3135.0,22.779,71.017,407.96,362.67,93.36,77.92399999999999,34.243,8.9455,26.816999999999997,6.7814,17.083,1.7311,36.226,13.78,24.302,0.79452,16.157
227,19.005,50.974,2691.6,23.715999999999998,49.435,3135.8,23.291,71.111,408.14,362.79,93.439,77.211,34.434,8.5308,26.899,6.7211,16.18,1.7711,35.355,13.869000000000002,24.738000000000003,0.84257,15.876
228,19.005,50.678000000000004,2694.0,23.764,50.636,3136.0,23.129,71.17699999999999,408.5,362.33,93.405,77.447,34.434,8.5308,26.899,6.7211,16.18,1.7711,35.355,13.869000000000002,24.738000000000003,0.84257,15.876
229,19.005,49.341,2693.5,24.898000000000003,49.674,3136.5,23.348000000000003,71.176,407.63,362.35,93.649,77.523,34.073,8.8083,26.741999999999997,6.7202,16.344,1.7501,36.203,13.964,25.147,1.0586,15.675999999999998
230,19.005,49.409,2693.2,24.066999999999997,49.607,3137.1,23.377,71.249,406.52,362.24,93.544,77.623,34.073,8.8083,26.741999999999997,6.7202,16.344,1.7501,36.203,13.964,25.147,1.0586,15.675999999999998
231,19.055999999999997,49.483000000000004,2693.4,23.633000000000003,49.723,3137.6,22.671999999999997,71.304,402.05,361.56,93.45100000000001,77.553,33.997,8.8993,27.359,6.6755,16.447,1.7411,35.705,13.802,25.393,0.9761799999999999,15.257
232,19.055999999999997,48.912,2691.0,22.968000000000004,50.581,3134.5,22.875999999999998,71.297,401.79,361.27,93.65,76.934,33.997,8.8993,27.359,6.6755,16.447,1.7411,35.705,13.802,25.393,0.9761799999999999,15.257
233,19.055999999999997,50.549,2686.1,25.362,49.577,3130.8,23.011999999999997,71.218,401.91,361.26,93.568,76.828,33.596,8.758,27.916,6.7465,16.442999999999998,1.7209999999999999,35.534,13.972999999999999,25.498,1.1836,15.171
234,19.055999999999997,49.951,2685.0,25.201,49.952,3129.5,23.436999999999998,71.134,401.33,360.31,93.671,77.184,33.596,8.758,27.916,6.7465,16.442999999999998,1.7209999999999999,35.534,13.972999999999999,25.498,1.1836,15.171
235,19.055999999999997,48.872,2681.1,22.069000000000003,50.74,3128.0,23.936,71.142,400.98,359.59,93.62299999999999,77.232,33.689,8.8283,27.349,6.7589,16.472,1.7192,34.99,13.939,25.787,0.95244,15.12
236,20.04,49.988,2680.2,24.651,49.937,3127.3,22.244,71.149,398.89,359.0,93.697,77.207,33.689,8.8283,27.349,6.7589,16.472,1.7192,34.99,13.939,25.787,0.95244,15.12
237,20.04,50.736000000000004,2679.2,25.644000000000002,49.802,3124.7,24.435,71.134,399.28,358.29,93.742,77.415,33.638000000000005,8.8426,28.002,6.7107,16.454,1.736,34.678000000000004,13.835,26.119,1.1254,15.015999999999998
238,20.04,50.215,2679.5,24.826,51.391999999999996,3124.3,22.491,71.14699999999999,393.81,357.22,93.74700000000001,77.532,33.638000000000005,8.8426,28.002,6.7107,16.454,1.736,34.678000000000004,13.835,26.119,1.1254,15.015999999999998
239,20.04,51.556999999999995,2674.3,25.230999999999998,51.401,3124.8,22.828000000000003,71.26,388.63,356.3,93.663,77.389,33.076,8.7619,27.976,6.8246,16.525,1.7555,34.744,13.93,26.381,0.99955,14.968
240,20.04,49.445,2668.6,24.864,48.06100000000001,3119.9,22.9,71.303,386.28,355.44,93.78200000000001,77.08,33.076,8.7619,27.976,6.8246,16.525,1.7555,34.744,13.93,26.381,0.99955,14.968
241,16.545,49.916000000000004,2663.4,25.138,49.589,3113.4,23.671999999999997,71.286,382.27,354.42,93.838,76.745,33.058,8.8542,28.581,6.8385,16.707,1.7058,34.548,13.751,26.204,1.0076,15.344000000000001
242,16.545,50.233000000000004,2658.2,24.289,49.787,3109.6,23.568,71.21,380.82,353.71,93.86,77.23100000000001,33.058,8.8542,28.581,6.8385,16.707,1.7058,34.548,13.751,26.204,1.0076,15.344000000000001
243,16.545,50.74,2656.6,24.263,50.867,3108.3,22.596,71.171,378.14,352.64,94.023,77.238,32.542,8.85,27.642,6.8578,16.896,1.6888,33.811,13.993,26.67,1.1491,15.671
244,16.545,48.31,2650.4,24.04,52.951,3106.6,21.842,71.173,371.12,350.75,93.985,77.186,32.542,8.85,27.642,6.8578,16.896,1.6888,33.811,13.993,26.67,1.1491,15.671
245,16.545,52.306999999999995,2640.9,22.916,49.792,3099.7,23.506,71.123,369.12,349.28,94.3,76.738,32.686,9.0024,28.323,6.697,16.935,1.7225,33.836,13.99,26.805,1.0964,15.630999999999998
246,18.837,49.763999999999996,2638.6,24.427,48.8,3096.5,22.662,71.017,364.44,347.99,94.118,77.389,32.686,9.0024,28.323,6.697,16.935,1.7225,33.836,13.99,26.805,1.0964,15.630999999999998
247,18.837,47.349,2632.3,26.55,49.591,3092.8,23.54,71.008,358.32,346.5,94.27799999999999,76.94,31.793000000000003,9.1275,28.41,6.8603,17.033,1.7691,33.419000000000004,13.897,25.968000000000004,1.0914,15.634
248,18.837,47.653999999999996,2627.7,26.576,50.857,3088.7,22.673000000000002,70.929,353.78,345.03,94.163,77.315,31.793000000000003,9.1275,28.41,6.8603,17.033,1.7691,33.419000000000004,13.897,25.968000000000004,1.0914,15.634
249,18.837,49.281000000000006,2621.2,25.745,50.248999999999995,3086.5,23.093000000000004,70.89399999999999,349.56,343.39,94.26700000000001,77.285,32.268,8.9931,28.049,6.7418,16.657,1.7269,33.217,13.937000000000001,26.779,1.1656,15.856
250,18.837,49.198,2619.7,23.729,50.338,3085.0,23.65,70.882,345.68,342.23,94.292,77.593,32.268,8.9931,28.049,6.7418,16.657,1.7269,33.217,13.937000000000001,26.779,1.1656,15.856
251,18.75,48.972,2612.8,25.362,48.413000000000004,3081.9,22.664,70.92699999999999,340.02,340.46,94.384,77.223,31.704,9.0409,28.729,7.1288,17.506,1.7167,32.279,13.923,25.965,1.137,16.101
252,18.75,50.261,2605.1,26.156,49.923,3075.0,23.299,70.824,335.76,338.82,94.37799999999999,76.96300000000001,31.704,9.0409,28.729,7.1288,17.506,1.7167,32.279,13.923,25.965,1.137,16.101
253,18.75,50.938,2597.3,22.395,50.299,3069.8,23.002,70.722,332.8,337.41,94.664,76.9,31.329,8.8806,27.834,7.0217,17.521,1.7161,31.877,14.073,26.092,1.2437,16.613
254,18.75,49.146,2592.7,25.699,48.926,3065.5,23.773000000000003,70.58,329.0,335.53,94.977,77.25,31.329,8.8806,27.834,7.0217,17.521,1.7161,31.877,14.073,26.092,1.2437,16.613
255,18.75,51.395,2591.3,26.976,50.614,3067.1,24.598000000000003,70.48,324.38,333.79,94.851,77.515,30.803,9.0916,27.634,7.1137,17.74,1.7315,31.566,13.886,26.261,1.4144,17.102999999999998
256,15.804,52.536,2589.3,25.982,51.17,3066.0,23.901,70.45100000000001,317.56,332.76,94.936,77.27199999999999,30.803,9.0916,27.634,7.1137,17.74,1.7315,31.566,13.886,26.261,1.4144,17.102999999999998
257,15.804,48.372,2587.8,25.625,48.739,3068.0,23.769000000000002,70.4,314.68,331.27,94.925,77.733,31.063000000000002,8.9682,27.607,7.0761,17.73,1.7651,31.25,13.947000000000001,25.559,1.3672,17.709
258,15.804,48.403,2587.2,25.331,51.011,3067.3,23.206,70.363,309.21,330.35,95.085,77.726,31.063000000000002,8.9682,27.607,7.0761,17.73,1.7651,31.25,13.947000000000001,25.559,1.3672,17.709
259,15.804,50.276,2584.0,26.221999999999998,47.293,3065.8,21.418000000000003,70.298,303.06,328.65,95.025,77.137,30.764,9.213,27.497,6.9879,18.463,1.7501,31.263,13.940999999999999,25.683000000000003,1.3652,17.372
260,15.804,48.971000000000004,2577.7,25.156,50.456,3061.8,22.89,70.112,297.23,327.88,95.26,77.06,30.764,9.213,27.497,6.9879,18.463,1.7501,31.263,13.940999999999999,25.683000000000003,1.3652,17.372
261,17.71,50.745,2574.5,26.0,49.431000000000004,3058.8,23.101999999999997,69.903,297.12,327.04,95.182,76.964,30.976999999999997,9.1735,26.862,6.9817,18.432000000000002,1.7197,30.598000000000003,14.077,25.285,1.4519,18.041
262,17.71,51.74100000000001,2573.9,25.369,50.396,3057.8,24.261999999999997,69.699,292.46,326.34,95.285,76.915,30.976999999999997,9.1735,26.862,6.9817,18.432000000000002,1.7197,30.598000000000003,14.077,25.285,1.4519,18.041
263,17.71,52.287,2571.5,26.686999999999998,49.458999999999996,3057.7,23.177,69.58,290.87,324.98,95.27799999999999,77.249,30.854,9.086,27.088,6.9716,19.206,1.7764,30.585,14.022,25.272,1.3669,18.596
264,17.71,50.756,2571.0,24.855999999999998,50.306000000000004,3057.3,23.006,69.499,283.77,323.94,95.12,77.418,30.854,9.086,27.088,6.9716,19.206,1.7764,30.585,14.022,25.272,1.3669,18.596
265,17.71,50.93,2569.9,26.176,49.052,3057.7,23.552,69.417,279.81,323.3,95.339,77.624,30.713,9.1198,26.665,7.0395,19.151,1.7877,30.32,14.118,25.185,1.6158,18.896
266,17.768,49.58,2567.0,26.276,49.933,3057.0,23.066999999999997,69.372,278.61,322.13,95.196,77.118,30.713,9.1198,26.665,7.0395,19.151,1.7877,30.32,14.118,25.185,1.6158,18.896
267,17.768,48.077,2563.2,25.531,50.152,3053.8,23.024,69.241,277.19,321.35,95.449,77.005,30.384,9.0521,26.239,7.0431,19.303,1.7231,30.698,13.937999999999999,24.362,1.6008,19.265
268,17.768,51.26,2562.8,25.285,48.76,3053.3,23.250999999999998,69.074,272.69,320.93,95.479,77.38,30.384,9.0521,26.239,7.0431,19.303,1.7231,30.698,13.937999999999999,24.362,1.6008,19.265
269,17.768,49.739,2564.5,25.8,49.438,3056.3,22.784000000000002,68.964,269.87,320.5,95.436,77.327,30.566999999999997,9.0797,26.296,7.2581,19.994,1.6972,30.211,14.082,24.691999999999997,1.5595,19.262
270,17.768,49.861999999999995,2565.8,26.112,48.761,3058.4,22.816,68.851,267.33,319.99,95.5,77.293,30.566999999999997,9.0797,26.296,7.2581,19.994,1.6972,30.211,14.082,24.691999999999997,1.5595,19.262
271,13.533,51.367,2567.5,25.883000000000003,50.458,3058.0,24.858,68.745,265.77,321.12,95.535,77.518,30.787,9.0757,25.816,6.9977,19.543,1.7325,30.15,14.152000000000001,24.309,1.4596,20.308
272,13.533,49.583,2568.9,26.623,49.732,3061.4,22.72,68.70100000000001,267.17,320.69,95.697,77.47,30.787,9.0757,25.816,6.9977,19.543,1.7325,30.15,14.152000000000001,24.309,1.4596,20.308
273,13.533,50.621,2569.1,24.488000000000003,48.935,3063.3,22.621,68.595,264.29,320.51,95.436,77.19800000000001,30.339000000000002,8.9533,26.158,7.0902,20.007,1.7465,30.336,13.997,23.944000000000003,1.5782,20.160999999999998
274,13.533,51.027,2571.5,24.64,50.205,3064.6,22.791,68.494,263.11,320.83,95.552,77.49600000000001,30.339000000000002,8.9533,26.158,7.0902,20.007,1.7465,30.336,13.997,23.944000000000003,1.5782,20.160999999999998
275,13.533,49.551,2573.6,23.785999999999998,49.495,3066.8,23.019000000000002,68.35600000000001,262.34,320.94,95.404,77.39699999999999,30.894000000000002,9.0218,26.025,7.0194,20.22,1.6965,30.615,14.015,23.244,1.6001,20.34
276,16.373,48.968,2576.6,26.123,49.148999999999994,3069.3,23.674,68.279,261.87,321.76,95.545,77.524,30.894000000000002,9.0218,26.025,7.0194,20.22,1.6965,30.615,14.015,23.244,1.6001,20.34
277,16.373,49.38399999999999,2581.7,25.35,48.17,3071.2,23.48,68.173,262.39,322.48,95.27600000000001,77.669,30.458000000000002,9.0907,25.912,6.945,20.177,1.7458,30.980999999999998,14.013,23.33,1.5888,20.297
278,16.373,50.04,2581.4,26.261999999999997,52.178000000000004,3073.8,23.2,68.161,263.19,323.07,95.454,77.457,30.458000000000002,9.0907,25.912,6.945,20.177,1.7458,30.980999999999998,14.013,23.33,1.5888,20.297
279,16.373,49.873999999999995,2584.2,24.945,48.728,3076.6,21.611,68.097,263.76,323.98,95.29299999999999,77.402,30.859,9.1032,25.258000000000003,7.152,20.49,1.6914,30.636,13.8,23.373,1.5431,20.999000000000002
280,16.373,50.138000000000005,2587.2,26.006,50.268,3077.3,23.551,67.994,259.36,324.89,95.205,77.551,30.859,9.1032,25.258000000000003,7.152,20.49,1.6914,30.636,13.8,23.373,1.5431,20.999000000000002
281,17.146,50.383,2590.8,27.476999999999997,48.678000000000004,3079.9,23.335,67.965,264.89,326.42,95.23200000000001,77.86,31.143,8.9609,24.995,6.7452,19.83,1.7444,30.947,13.714,22.631,1.4984,20.467
282,17.146,50.656000000000006,2594.6,26.101999999999997,50.211999999999996,3080.5,22.789,67.973,269.98,327.6,95.235,77.595,31.143,8.9609,24.995,6.7452,19.83,1.7444,30.947,13.714,22.631,1.4984,20.467
283,17.146,47.883,2598.7,25.801,51.103,3083.5,21.840999999999998,67.98,270.47,329.01,95.04700000000001,77.767,31.659000000000002,9.1132,25.323,6.9935,20.22,1.7065,31.535999999999998,13.716,23.355999999999998,1.4867,20.933000000000003
284,17.146,52.306000000000004,2599.7,23.741,49.225,3086.9,22.373,67.964,272.37,328.88,94.791,77.538,31.659000000000002,9.1132,25.323,6.9935,20.22,1.7065,31.535999999999998,13.716,23.355999999999998,1.4867,20.933000000000003
285,17.146,49.831,2598.5,24.864,49.236999999999995,3083.4,23.750999999999998,67.937,274.69,330.39,95.014,77.306,31.916999999999998,8.7585,25.568,6.9336,19.897000000000002,1.7317,31.768,13.717,22.92,1.5354,20.502
286,17.543,52.185,2599.8,25.443,50.536,3082.4,23.193,67.908,278.42,331.58,94.96700000000001,77.385,31.916999999999998,8.7585,25.568,6.9336,19.897000000000002,1.7317,31.768,13.717,22.92,1.5354,20.502
287,17.543,51.585,2603.6,24.666,49.593,3083.6,23.406,67.955,279.95,332.31,95.006,77.542,32.134,8.8297,25.249000000000002,6.9787,20.022000000000002,1.6957,32.061,13.562999999999999,22.691,1.4634,20.408
288,17.543,50.88,2603.5,24.594,48.498000000000005,3085.1,22.495,68.014,283.4,333.43,94.796,77.2,32.134,8.8297,25.249000000000002,6.9787,20.022000000000002,1.6957,32.061,13.562999999999999,22.691,1.4634,20.408
289,17.543,49.937,2606.4,25.248,48.565,3084.7,23.362,68.047,285.27,334.19,95.027,77.53399999999999,32.299,8.7726,25.679000000000002,6.9601,19.909000000000002,1.7161,32.619,13.636,22.238000000000003,1.3932,20.36
290,17.543,50.06100000000001,2608.5,22.781999999999996,51.221000000000004,3087.3,23.188000000000002,68.102,287.24,334.65,94.774,77.625,32.299,8.7726,25.679000000000002,6.9601,19.909000000000002,1.7161,32.619,13.636,22.238000000000003,1.3932,20.36
291,18.421,49.832,2610.9,25.543000000000003,49.391000000000005,3088.7,22.816,68.176,287.88,335.55,94.945,77.436,31.873,8.8364,25.025,7.1555,20.009,1.7006,32.344,13.530999999999999,22.009,1.5051,20.34
292,18.421,49.217,2613.2,25.851,50.11,3090.8,22.991999999999997,68.234,294.39,336.52,94.84700000000001,77.354,31.873,8.8364,25.025,7.1555,20.009,1.7006,32.344,13.530999999999999,22.009,1.5051,20.34
293,18.421,49.412,2617.7,25.393,51.129,3091.9,22.699,68.262,295.08,337.63,95.001,77.296,32.039,8.7499,25.151999999999997,6.9695,19.721,1.665,32.18,13.544,22.629,1.3645,19.864
294,18.421,49.275,2619.4,24.728,51.371,3093.7,23.055,68.26,302.22,339.25,95.09899999999999,77.259,32.039,8.7499,25.151999999999997,6.9695,19.721,1.665,32.18,13.544,22.629,1.3645,19.864
295,18.421,48.971000000000004,2627.7,26.276,51.765,3097.5,23.697,68.263,302.06,340.55,94.874,77.726,31.951,8.6793,25.198,6.8271,19.392,1.6942,33.22,13.709000000000001,22.377,1.3926,19.86
296,16.984,50.488,2636.1,25.141,49.24,3105.2,23.406999999999996,68.37100000000001,303.92,342.03,94.81,77.90100000000001,31.951,8.6793,25.198,6.8271,19.392,1.6942,33.22,13.709000000000001,22.377,1.3926,19.86
297,16.984,49.621,2637.7,24.648000000000003,50.053000000000004,3109.0,23.046,68.486,310.67,342.45,94.649,77.307,32.468,8.6929,25.247,6.727,19.651,1.6909,33.326,13.618,22.663,1.5801,19.482
298,16.984,50.357,2641.6,23.241999999999997,50.935,3110.3,23.214000000000002,68.5,310.4,343.77,94.605,77.791,32.468,8.6929,25.247,6.727,19.651,1.6909,33.326,13.618,22.663,1.5801,19.482
299,16.984,50.82899999999999,2647.5,23.979,50.063,3114.2,23.108,68.592,315.09,345.13,94.484,77.832,32.923,8.8243,25.573,6.7072,19.160999999999998,1.7324,33.580999999999996,13.571,22.403000000000002,1.3835,19.217
300,16.984,49.213,2651.0,24.705,49.446000000000005,3115.0,22.241999999999997,68.65,316.26,346.41,94.46700000000001,77.383,32.923,8.8243,25.573,6.7072,19.160999999999998,1.7324,33.580999999999996,13.571,22.403000000000002,1.3835,19.217
301,19.14,51.138999999999996,2651.6,25.593000000000004,48.114,3116.0,22.491,68.678,319.77,346.73,94.67,77.756,33.264,8.8124,25.498,6.6989,19.417,1.6971,33.926,13.517000000000001,22.568,1.3251,19.297
302,19.14,49.708999999999996,2653.0,24.191999999999997,50.903,3117.5,22.377,68.725,323.24,347.43,94.31200000000001,77.395,33.264,8.8124,25.498,6.6989,19.417,1.6971,33.926,13.517000000000001,22.568,1.3251,19.297
303,19.14,49.28,2655.5,25.366999999999997,50.599,3117.3,22.570999999999998,68.703,323.6,348.09,94.559,77.111,33.203,8.7003,25.309,7.1171,18.785999999999998,1.6593,34.287,13.524000000000001,22.482,1.3745,18.551
304,19.14,49.283,2657.7,23.936999999999998,48.571000000000005,3118.2,22.27,68.669,327.96,349.05,94.49700000000001,77.33,33.203,8.7003,25.309,7.1171,18.785999999999998,1.6593,34.287,13.524000000000001,22.482,1.3745,18.551
305,19.14,49.623000000000005,2661.5,25.412,48.833999999999996,3120.1,22.142,68.71600000000001,330.66,349.18,94.76799999999999,77.3,33.027,8.7002,26.421999999999997,6.9677,18.97,1.7147,35.004,13.536,22.605,1.3632,18.937
306,20.129,50.371,2667.8,24.015,49.903,3125.3,22.094,68.741,333.09,349.95,94.771,77.643,33.027,8.7002,26.421999999999997,6.9677,18.97,1.7147,35.004,13.536,22.605,1.3632,18.937
307,20.129,50.198,2674.2,25.024,49.034,3131.1,23.508000000000003,68.819,332.31,350.38,94.744,77.694,33.071999999999996,8.6323,25.982,6.9379,18.723,1.7037,34.602,13.314,23.038,1.3703,18.442999999999998
308,20.129,48.586000000000006,2678.3,24.874000000000002,50.253,3136.2,22.594,68.875,335.58,350.95,94.62100000000001,77.399,33.071999999999996,8.6323,25.982,6.9379,18.723,1.7037,34.602,13.314,23.038,1.3703,18.442999999999998
309,20.129,49.184,2684.8,24.68,50.839,3141.1,22.861,68.896,336.84,351.71,94.613,77.236,33.591,8.5611,26.069000000000003,6.7364,18.816,1.6769999999999998,34.779,13.355,23.166999999999998,1.3284,18.840999999999998
310,20.129,49.763000000000005,2687.9,24.404,50.095,3144.8,23.526999999999997,68.928,341.31,352.32,94.633,77.611,33.591,8.5611,26.069000000000003,6.7364,18.816,1.6769999999999998,34.779,13.355,23.166999999999998,1.3284,18.840999999999998
311,16.065,50.742,2692.0,23.502,50.013000000000005,3147.4,23.805,68.96600000000001,339.57,352.52,94.493,77.222,33.427,8.4972,25.956,6.8723,17.835,1.6721,34.713,13.412,22.959,1.1652,18.416
312,16.065,49.678000000000004,2691.6,23.05,48.935,3148.0,22.182,68.96300000000001,340.09,352.93,94.425,77.123,33.427,8.4972,25.956,6.8723,17.835,1.6721,34.713,13.412,22.959,1.1652,18.416
313,16.065,47.61,2693.1,23.111,49.132,3146.9,22.483,68.918,342.63,353.04,94.557,76.833,33.551,8.5582,26.656,6.6198,18.623,1.651,34.639,13.283,23.401999999999997,1.3737,17.845
314,16.065,51.22,2696.2,26.324,49.626999999999995,3148.5,23.854,68.814,346.65,353.21,94.439,77.00399999999999,33.551,8.5582,26.656,6.6198,18.623,1.651,34.639,13.283,23.401999999999997,1.3737,17.845
315,16.065,49.879,2699.0,23.283,49.405,3152.6,22.916,68.852,345.52,353.55,94.46700000000001,77.377,33.213,8.5515,26.56,6.7958,18.226,1.6540000000000001,35.0,13.386,23.320999999999998,1.1748,17.792
316,17.085,50.748000000000005,2698.7,25.03,49.26,3152.8,23.427,68.84899999999999,342.2,353.37,94.18299999999999,76.497,33.213,8.5515,26.56,6.7958,18.226,1.6540000000000001,35.0,13.386,23.320999999999998,1.1748,17.792
317,17.085,48.315,2699.8,24.171999999999997,51.288000000000004,3152.3,23.603,68.755,344.11,353.25,94.444,77.017,33.207,8.5151,25.951999999999998,6.9492,18.474,1.7222,34.713,13.297,23.721999999999998,1.2615,18.156
318,17.085,50.809,2701.9,24.761,48.461000000000006,3153.9,22.999000000000002,68.747,343.94,353.08,94.412,77.077,33.207,8.5151,25.951999999999998,6.9492,18.474,1.7222,34.713,13.297,23.721999999999998,1.2615,18.156
319,17.085,49.736999999999995,2702.6,23.121,49.321000000000005,3153.0,22.353,68.723,342.05,352.8,94.486,77.19,32.919000000000004,8.5517,26.79,6.9165,18.476,1.7346,34.417,13.425999999999998,24.145,1.1582,17.655
320,17.085,49.945,2703.4,25.22,49.371,3154.6,21.908,68.725,343.87,352.56,94.551,77.098,32.919000000000004,8.5517,26.79,6.9165,18.476,1.7346,34.417,13.425999999999998,24.145,1.1582,17.655
321,18.567999999999998,49.938,2703.5,25.443,48.409,3155.7,22.820999999999998,68.694,340.91,353.01,94.477,76.822,33.578,8.5491,26.703000000000003,6.8545,17.939,1.6761,34.574,13.356,23.936,1.2535,17.973
322,18.567999999999998,50.938,2704.6,24.369,49.636,3156.0,21.081,68.617,341.65,352.94,94.756,76.792,33.578,8.5491,26.703000000000003,6.8545,17.939,1.6761,34.574,13.356,23.936,1.2535,17.973
323,18.567999999999998,48.977,2704.9,24.89,50.03,3157.3,23.732,68.567,342.43,352.39,94.539,76.983,33.03,8.4224,26.828000000000003,6.7731,18.472,1.6798,34.298,13.084000000000001,24.182,1.3443,18.022000000000002
324,18.567999999999998,49.992,2708.1,24.772,49.288999999999994,3158.6,21.53,68.58800000000001,340.51,352.23,94.626,76.655,33.03,8.4224,26.828000000000003,6.7731,18.472,1.6798,34.298,13.084000000000001,24.182,1.3443,18.022000000000002
325,18.567999999999998,51.303000000000004,2707.6,24.098000000000003,50.015,3159.1,23.000999999999998,68.59,339.9,351.94,94.536,76.442,33.343,8.5374,27.076,6.932,18.156,1.6668,34.62,13.344000000000001,24.529,1.2958,17.397000000000002
326,19.451,50.351000000000006,2705.2,24.046999999999997,49.07899999999999,3160.1,22.487,68.56,337.69,351.54,94.551,76.40899999999999,33.343,8.5374,27.076,6.932,18.156,1.6668,34.62,13.344000000000001,24.529,1.2958,17.397000000000002
327,19.451,49.663999999999994,2702.0,25.061999999999998,49.63,3156.5,23.035,68.449,336.01,351.7,94.691,76.657,32.647,8.4731,26.928,6.8199,18.073,1.6626,33.745,13.321,25.015,1.2186,17.182000000000002
328,19.451,50.224,2704.6,25.75,49.048,3157.6,22.083000000000002,68.405,335.02,350.78,94.62299999999999,76.676,32.647,8.4731,26.928,6.8199,18.073,1.6626,33.745,13.321,25.015,1.2186,17.182000000000002
329,19.451,48.985,2703.2,24.791999999999998,49.647,3159.2,22.738000000000003,68.368,331.52,350.01,94.73100000000001,76.566,32.397,8.7139,26.686,6.7045,18.246,1.6580000000000001,34.191,13.254000000000001,24.804000000000002,1.2827,17.796
330,19.451,48.963,2705.0,23.962,50.166000000000004,3160.1,22.345,68.324,329.31,349.87,94.631,76.755,32.397,8.7139,26.686,6.7045,18.246,1.6580000000000001,34.191,13.254000000000001,24.804000000000002,1.2827,17.796
331,20.879,49.966,2702.6,24.730999999999998,49.79,3159.9,21.913,68.301,329.17,349.27,94.579,76.484,32.36,8.7099,26.531999999999996,6.8759,18.261,1.6576,34.566,13.255999999999998,24.569000000000003,1.3938,17.531
332,20.879,50.239,2701.3,25.989,49.992,3158.1,22.054000000000002,68.212,326.87,348.97,94.501,76.157,32.36,8.7099,26.531999999999996,6.8759,18.261,1.6576,34.566,13.255999999999998,24.569000000000003,1.3938,17.531
333,20.879,51.011,2697.9,23.77,51.176,3155.8,23.035,68.156,329.48,348.7,94.706,76.594,32.685,8.7389,27.225,6.7563,18.157,1.6340000000000001,34.161,13.259,25.015,1.2254,17.769000000000002
334,20.879,49.723,2697.9,26.967,50.761,3154.6,23.855,68.127,326.59,348.33,94.73100000000001,76.447,32.685,8.7389,27.225,6.7563,18.157,1.6340000000000001,34.161,13.259,25.015,1.2254,17.769000000000002
335,20.879,49.303000000000004,2697.7,25.259,50.653,3154.8,22.726,68.163,326.42,348.23,94.62799999999999,76.482,32.928000000000004,8.5525,27.508000000000003,6.8333,17.989,1.6849,33.827,13.405,24.566,1.4079,17.762
336,19.750999999999998,50.431999999999995,2694.4,23.147,49.423,3152.6,22.427,68.14399999999999,325.91,346.97,94.669,76.43,32.928000000000004,8.5525,27.508000000000003,6.8333,17.989,1.6849,33.827,13.405,24.566,1.4079,17.762
337,19.750999999999998,50.467,2688.0,24.156999999999996,48.724,3149.4,22.63,68.154,321.1,346.52,94.8,76.14,32.606,8.6959,27.259,6.8542,18.511,1.6511,33.859,13.442,24.656,1.215,17.898
338,19.750999999999998,50.375,2684.8,23.925,47.586999999999996,3145.0,23.476999999999997,68.07,322.02,345.53,94.899,76.212,32.606,8.6959,27.259,6.8542,18.511,1.6511,33.859,13.442,24.656,1.215,17.898
339,19.750999999999998,49.625,2680.7,24.959,50.263999999999996,3142.3,22.766,68.01,321.76,344.91,94.71799999999999,76.189,32.28,8.6391,26.988000000000003,6.9404,18.885,1.6807,33.61,13.547,24.896,1.4082,18.208
340,19.750999999999998,49.271,2676.7,26.343000000000004,50.652,3140.9,22.601999999999997,67.992,318.67,343.92,95.094,76.452,32.28,8.6391,26.988000000000003,6.9404,18.885,1.6807,33.61,13.547,24.896,1.4082,18.208
341,17.377,48.847,2676.6,25.316,50.935,3139.2,23.471,68.006,318.62,343.03,94.88799999999999,76.429,32.385999999999996,8.57,26.631,6.9484,18.749000000000002,1.6667,32.98,13.616,24.954,1.4002,18.392
342,17.377,49.8,2672.7,25.06,49.408,3138.3,22.718000000000004,68.029,317.29,342.02,95.13799999999999,76.319,32.385999999999996,8.57,26.631,6.9484,18.749000000000002,1.6667,32.98,13.616,24.954,1.4002,18.392
343,17.377,50.823,2668.8,25.691999999999997,49.261,3134.4,23.191,68.042,313.68,341.57,95.0,76.005,32.086999999999996,8.8281,26.928,6.7655,18.937,1.7056,32.861,13.512,25.127,1.2769,18.363
344,17.377,50.893,2666.9,26.674,49.705,3132.5,22.676,67.994,316.7,340.73,95.20700000000001,76.51100000000001,32.086999999999996,8.8281,26.928,6.7655,18.937,1.7056,32.861,13.512,25.127,1.2769,18.363
345,17.377,48.88,2664.4,25.938000000000002,49.498000000000005,3133.4,22.006,67.986,311.5,339.66,95.014,76.282,31.750999999999998,8.7708,26.498,6.8420000000000005,18.857,1.6954,32.734,13.463,24.706999999999997,1.3517,18.593
346,14.814,50.808,2662.2,23.64,50.166000000000004,3131.5,24.576,68.012,313.62,339.29,94.99799999999999,76.507,31.750999999999998,8.7708,26.498,6.8420000000000005,18.857,1.6954,32.734,13.463,24.706999999999997,1.3517,18.593
347,14.814,51.422,2658.9,23.941,50.492,3130.3,21.7,68.061,314.66,338.6,95.02,75.76,31.85,8.6255,26.585,7.2877,18.979,1.6773,32.599000000000004,13.63,25.279,1.3231,18.521
348,14.814,50.095,2655.4,23.664,49.214,3127.1,23.703000000000003,68.023,313.25,337.68,95.00200000000001,76.416,31.85,8.6255,26.585,7.2877,18.979,1.6773,32.599000000000004,13.63,25.279,1.3231,18.521
349,14.814,50.013999999999996,2655.9,24.928,49.698,3125.6,23.191999999999997,68.057,314.72,337.18,95.305,76.604,31.570999999999998,8.84,26.68,7.1566,18.85,1.7269999999999999,31.906,13.867,24.534000000000002,1.4259,18.871
350,14.814,50.228,2653.9,24.844,50.848,3126.0,23.717,68.105,310.16,336.47,95.199,76.309,31.570999999999998,8.84,26.68,7.1566,18.85,1.7269999999999999,31.906,13.867,24.534000000000002,1.4259,18.871
351,19.307000000000002,49.735,2652.2,24.041,49.378,3127.6,22.715,68.133,313.92,336.15,95.51100000000001,76.447,31.835,8.9539,26.585,6.9954,19.067999999999998,1.6647,32.039,13.795,24.734,1.4805,18.912
352,19.307000000000002,49.531000000000006,2653.6,26.164,49.848,3127.6,22.881,68.17399999999999,317.39,336.33,95.281,76.557,31.835,8.9539,26.585,6.9954,19.067999999999998,1.6647,32.039,13.795,24.734,1.4805,18.912
353,19.307000000000002,48.318999999999996,2654.4,24.846999999999998,50.051,3128.1,22.223000000000003,68.221,315.9,336.26,95.37,76.426,31.174,8.9503,26.491,6.9506,19.207,1.7543,32.36,13.716,24.754,1.5254,19.209
354,19.307000000000002,50.266000000000005,2652.0,24.058000000000003,51.126000000000005,3127.4,21.829,68.263,316.2,335.6,95.15799999999999,76.348,31.174,8.9503,26.491,6.9506,19.207,1.7543,32.36,13.716,24.754,1.5254,19.209
355,19.307000000000002,51.318999999999996,2652.3,24.546999999999997,51.891000000000005,3127.9,22.704,68.28,316.85,335.29,95.181,76.624,31.355999999999998,8.9254,26.662,6.8493,19.596,1.7473,31.97,13.735999999999999,24.289,1.4829,19.346
356,22.084,49.912,2651.5,24.986,51.34,3127.8,21.546999999999997,68.322,315.73,335.13,95.06299999999999,76.66199999999999,31.355999999999998,8.9254,26.662,6.8493,19.596,1.7473,31.97,13.735999999999999,24.289,1.4829,19.346
357,22.084,50.51,2649.3,24.599,48.618,3125.6,22.901999999999997,68.322,320.56,335.21,95.10600000000001,76.385,31.635,8.717,26.156999999999996,7.0673,19.748,1.6829,31.651,13.62,24.403000000000002,1.6,19.088
358,22.084,50.553999999999995,2649.4,23.656,47.928000000000004,3125.7,22.63,68.343,318.99,334.99,94.88600000000001,76.922,31.635,8.717,26.156999999999996,7.0673,19.748,1.6829,31.651,13.62,24.403000000000002,1.6,19.088
359,22.084,49.738,2646.8,25.734,51.405,3124.1,22.844,68.38600000000001,320.58,335.73,95.115,76.568,31.205,8.7143,26.217,6.8272,19.617,1.7398,31.701999999999998,13.738,24.315,1.4566,19.619
360,22.084,48.934,2647.3,26.125999999999998,50.305,3122.3,24.038,68.42,322.05,335.69,95.147,76.569,31.205,8.7143,26.217,6.8272,19.617,1.7398,31.701999999999998,13.738,24.315,1.4566,19.619
361,20.686999999999998,50.256,2646.8,26.449,50.056000000000004,3124.5,22.147,68.498,323.39,335.06,95.05,76.57,31.561,8.6355,26.474,6.9316,19.500999999999998,1.7633,31.916,13.857000000000001,24.028000000000002,1.6553,19.379
362,20.686999999999998,51.788999999999994,2647.5,25.409000000000002,50.008,3123.6,22.244,68.567,323.95,335.62,94.936,76.678,31.561,8.6355,26.474,6.9316,19.500999999999998,1.7633,31.916,13.857000000000001,24.028000000000002,1.6553,19.379
363,20.686999999999998,50.315,2645.6,25.511999999999997,49.817,3121.7,22.898000000000003,68.654,328.47,336.03,94.916,76.501,31.484,9.1071,26.656999999999996,6.8162,19.359,1.757,31.925,13.624,23.976999999999997,1.49,19.064
364,20.686999999999998,50.876999999999995,2646.8,25.072,49.9,3121.4,22.923000000000002,68.73100000000001,329.03,336.24,94.98700000000001,76.946,31.484,9.1071,26.656999999999996,6.8162,19.359,1.757,31.925,13.624,23.976999999999997,1.49,19.064
365,20.686999999999998,48.41,2648.3,24.676,50.351000000000006,3123.1,21.623,68.85600000000001,332.33,336.48,94.934,76.433,31.723000000000003,8.9961,25.87,6.9044,19.285999999999998,1.7183,32.15,13.847999999999999,24.169,1.4774,19.427
366,18.623,51.236000000000004,2643.4,24.36,47.667,3119.8,23.023000000000003,68.882,334.9,336.2,94.889,76.459,31.723000000000003,8.9961,25.87,6.9044,19.285999999999998,1.7183,32.15,13.847999999999999,24.169,1.4774,19.427
367,18.623,49.471000000000004,2640.3,25.105999999999998,49.23,3116.7,22.655,68.898,336.64,336.35,94.87299999999999,76.122,31.871,9.0844,26.244,7.053,19.407,1.7443,31.822,13.704,23.805999999999997,1.6875,19.236
368,18.623,51.262,2643.0,24.476,49.708999999999996,3116.9,23.125999999999998,68.91199999999999,338.5,336.89,95.01,76.83,31.871,9.0844,26.244,7.053,19.407,1.7443,31.822,13.704,23.805999999999997,1.6875,19.236
369,18.623,50.203,2644.4,25.311999999999998,49.591,3118.5,23.197,69.032,340.41,337.36,94.78399999999999,77.003,31.712,8.8099,25.736,6.8675,19.908,1.7376,32.086999999999996,13.825,24.279,1.4969,19.514
370,18.623,50.144,2644.8,26.267,49.781000000000006,3118.6,23.366999999999997,69.199,342.5,337.12,95.089,76.321,31.712,8.8099,25.736,6.8675,19.908,1.7376,32.086999999999996,13.825,24.279,1.4969,19.514
371,17.242,50.503,2642.5,25.454,51.685,3117.8,23.592,69.257,341.98,337.18,94.74799999999999,76.815,31.844,8.8979,26.070999999999998,7.0866,19.158,1.7349,31.996,13.905999999999999,23.829,1.4346,19.445
372,17.242,49.758,2642.4,24.769000000000002,47.791000000000004,3117.5,21.615,69.327,341.18,337.75,94.916,76.392,31.844,8.8979,26.070999999999998,7.0866,19.158,1.7349,31.996,13.905999999999999,23.829,1.4346,19.445
373,17.242,50.766999999999996,2640.4,27.329,49.238,3113.0,22.791,69.347,346.37,337.91,94.743,76.495,31.541999999999998,8.7837,26.046999999999997,6.9287,19.165,1.712,32.203,13.908,24.125999999999998,1.3459,19.19
374,17.242,48.793,2641.3,26.61,51.143,3112.9,23.074,69.34,347.58,338.33,95.134,76.696,31.541999999999998,8.7837,26.046999999999997,6.9287,19.165,1.712,32.203,13.908,24.125999999999998,1.3459,19.19
375,17.242,49.483999999999995,2641.0,24.743000000000002,49.513999999999996,3115.2,23.851999999999997,69.383,348.29,339.24,94.73299999999999,76.678,31.662,8.7462,26.288,7.1564,19.035,1.7226,32.48,13.878,23.569000000000003,1.3245,19.116
376,17.453,48.335,2642.5,26.413,50.678999999999995,3115.7,23.508000000000003,69.44800000000001,347.53,339.64,94.8,76.78699999999999,31.662,8.7462,26.288,7.1564,19.035,1.7226,32.48,13.878,23.569000000000003,1.3245,19.116
377,17.453,50.232,2643.5,26.230999999999998,49.047,3115.1,23.076,69.471,349.64,340.21,94.74600000000001,76.857,31.693,8.9713,26.19,6.711,18.912,1.7197,32.361,14.027000000000001,24.233,1.4271,19.195
378,17.453,51.476000000000006,2645.8,24.226,48.548,3115.3,23.081999999999997,69.51100000000001,350.24,340.81,94.82,77.087,31.693,8.9713,26.19,6.711,18.912,1.7197,32.361,14.027000000000001,24.233,1.4271,19.195
379,17.453,51.549,2645.6,26.658,51.351000000000006,3117.3,22.864,69.59,350.0,341.26,94.675,76.824,32.178000000000004,8.8477,25.935,6.8265,19.078,1.7251,32.555,14.084000000000001,23.905,1.3742,18.956
380,17.453,49.74,2647.2,25.164,49.738,3117.9,23.234,69.615,352.37,341.78,94.31,77.072,32.178000000000004,8.8477,25.935,6.8265,19.078,1.7251,32.555,14.084000000000001,23.905,1.3742,18.956
381,19.803,49.865,2642.9,24.243000000000002,50.858000000000004,3112.4,22.479,69.708,350.29,342.12,94.414,76.936,31.956999999999997,8.9735,26.15,6.7105,18.881,1.7634,32.864000000000004,14.1,24.004,1.5191,18.735
382,19.803,50.645,2639.8,25.930999999999997,51.17,3107.6,22.974,69.749,353.99,342.79,94.40299999999999,76.756,31.956999999999997,8.9735,26.15,6.7105,18.881,1.7634,32.864000000000004,14.1,24.004,1.5191,18.735
383,19.803,49.698,2636.7,26.361,49.92,3104.5,23.785999999999998,69.756,352.96,342.96,94.426,76.5,32.454,8.8608,26.156,6.6333,19.026,1.7569,33.225,13.904000000000002,24.151999999999997,1.1181,18.837
384,19.803,49.595,2633.5,24.962,50.173,3101.9,23.456,69.734,353.17,343.71,94.43799999999999,76.767,32.454,8.8608,26.156,6.6333,19.026,1.7569,33.225,13.904000000000002,24.151999999999997,1.1181,18.837
385,19.803,51.056999999999995,2634.2,25.046999999999997,52.198,3099.8,23.714000000000002,69.78699999999999,352.25,343.42,94.16,77.15,32.385,9.0802,26.503,6.8541,18.707,1.7761,33.495,13.908,23.836,1.2205,18.395
386,18.197,52.841,2631.5,25.516,49.078,3098.3,23.128,69.914,353.29,343.86,94.28399999999999,77.095,32.385,9.0802,26.503,6.8541,18.707,1.7761,33.495,13.908,23.836,1.2205,18.395
387,18.197,48.832,2628.6,24.348000000000003,48.835,3094.3,23.252,69.987,354.07,343.69,94.258,77.17,32.849000000000004,8.9571,26.267,6.888999999999999,18.12,1.7049,33.471,14.033,23.391,1.1279,18.112000000000002
388,18.197,51.21,2625.3,25.985,50.073,3092.1,23.359,70.062,353.7,343.68,94.34200000000001,76.984,32.849000000000004,8.9571,26.267,6.888999999999999,18.12,1.7049,33.471,14.033,23.391,1.1279,18.112000000000002
389,18.197,52.691,2622.0,24.221999999999998,51.876000000000005,3087.4,22.491,70.086,354.06,344.17,94.506,76.801,32.111,8.9931,26.072,6.7368,18.799,1.7657,33.309,14.115,23.866,1.3054,17.829
390,18.197,49.213,2622.9,26.445,49.443000000000005,3087.0,23.131999999999998,70.128,354.98,343.9,94.462,77.145,32.111,8.9931,26.072,6.7368,18.799,1.7657,33.309,14.115,23.866,1.3054,17.829
391,18.502,49.093,2620.7,25.441,48.961000000000006,3087.5,22.971999999999998,70.156,352.83,343.9,94.325,76.967,32.374,8.9357,26.66,6.7566,18.248,1.7416,33.25,14.09,23.49,1.1991,18.102999999999998
392,18.502,50.034,2618.0,25.241,50.427,3083.3,23.774,70.181,351.47,344.17,94.23200000000001,77.012,32.374,8.9357,26.66,6.7566,18.248,1.7416,33.25,14.09,23.49,1.1991,18.102999999999998
393,18.502,49.218999999999994,2618.5,25.017,48.516000000000005,3084.0,22.595,70.192,351.02,344.3,94.291,77.541,32.755,9.1573,26.275,6.8168,18.174,1.7766,33.232,14.034,23.545,1.3352,17.921
394,18.502,49.342,2617.0,25.023000000000003,49.321000000000005,3083.5,23.883000000000003,70.233,349.14,343.37,94.16799999999999,77.675,32.755,9.1573,26.275,6.8168,18.174,1.7766,33.232,14.034,23.545,1.3352,17.921
395,18.502,48.062,2614.6,24.138,50.911,3079.9,23.298000000000002,70.333,349.06,343.87,94.275,77.361,32.717,9.0164,26.500999999999998,6.8398,18.509,1.7484,33.48,14.123,23.663,1.3312,17.67
396,20.243,50.574,2608.6,25.28,47.943999999999996,3076.9,22.195,70.348,346.5,343.25,94.391,76.947,32.717,9.0164,26.500999999999998,6.8398,18.509,1.7484,33.48,14.123,23.663,1.3312,17.67
397,20.243,48.601000000000006,2605.3,25.697,47.943000000000005,3070.8,22.840999999999998,70.253,344.41,343.96,94.541,77.11399999999999,32.753,8.9088,26.194000000000003,6.7186,18.592,1.7369999999999999,33.372,13.991,23.537,1.3249,17.684
398,20.243,51.129,2605.3,27.619,49.681999999999995,3070.5,22.12,70.197,342.96,343.77,94.236,77.475,32.753,8.9088,26.194000000000003,6.7186,18.592,1.7369999999999999,33.372,13.991,23.537,1.3249,17.684
399,20.243,50.375,2603.8,25.003,50.466,3070.1,23.099,70.221,341.0,343.45,94.45200000000001,77.234,32.256,8.9467,25.910999999999998,6.7364,18.005,1.7728,33.809,14.009,23.899,1.395,17.715
400,20.243,50.097,2602.3,25.383000000000003,48.821000000000005,3068.0,23.750999999999998,70.218,339.23,342.91,94.133,77.384,32.256,8.9467,25.910999999999998,6.7364,18.005,1.7728,33.809,14.009,23.899,1.395,17.715
401,19.169,50.772,2602.4,24.142,49.405,3069.6,22.588,70.238,335.54,342.64,94.35799999999999,77.542,32.179,9.0118,25.805999999999997,6.6542,18.535999999999998,1.7842,33.499,13.984000000000002,23.647,1.3869999999999998,17.663
402,19.169,50.478,2600.3,24.67,50.181000000000004,3068.9,23.537,70.229,332.06,342.27,94.06,77.515,32.179,9.0118,25.805999999999997,6.6542,18.535999999999998,1.7842,33.499,13.984000000000002,23.647,1.3869999999999998,17.663
403,19.169,47.93,2598.0,24.545,49.685,3067.1,21.713,70.256,329.27,342.04,94.289,77.251,32.308,9.1302,26.458000000000002,6.9359,18.585,1.7835,33.199,14.113,24.279,1.3976,17.194000000000003
404,19.169,53.528999999999996,2594.4,24.337,50.861000000000004,3062.5,23.266,70.172,329.37,342.19,94.102,77.255,32.308,9.1302,26.458000000000002,6.9359,18.585,1.7835,33.199,14.113,24.279,1.3976,17.194000000000003
405,19.169,48.339,2592.5,23.6,51.573,3059.6,22.493000000000002,70.085,324.68,342.21,94.479,77.3,32.536,8.9527,26.116999999999997,6.7082,18.843,1.7912,32.876,14.132,23.980999999999998,1.3425,17.894000000000002
406,18.938,51.02,2590.1,25.505,50.012,3058.3,22.664,69.988,321.91,341.68,94.43799999999999,77.078,32.536,8.9527,26.116999999999997,6.7082,18.843,1.7912,32.876,14.132,23.980999999999998,1.3425,17.894000000000002
407,18.938,50.393,2591.7,25.267,50.419,3057.3,23.755,69.84,317.31,342.13,94.551,77.86399999999999,31.948,9.0246,26.288,7.0861,17.570999999999998,1.7602,33.054,14.215,23.805999999999997,1.4384,17.621
408,18.938,49.325,2591.5,26.033,49.475,3059.6,23.058000000000003,69.819,314.12,341.65,94.277,77.732,31.948,9.0246,26.288,7.0861,17.570999999999998,1.7602,33.054,14.215,23.805999999999997,1.4384,17.621
409,18.938,50.662,2592.6,24.005,48.828,3060.4,22.018,69.783,311.52,341.42,94.49600000000001,77.711,32.251,9.1447,26.662,7.0229,18.363,1.8174,32.821,14.206,24.101,1.3808,17.573
410,18.938,52.273,2592.1,25.78,50.428000000000004,3060.3,23.103,69.704,306.71,341.95,94.586,77.499,32.251,9.1447,26.662,7.0229,18.363,1.8174,32.821,14.206,24.101,1.3808,17.573
411,18.656,49.355,2594.1,22.359,50.548,3059.9,22.711,69.584,305.03,342.15,94.71,77.89,32.5,9.101,26.373,7.0046,17.297,1.7476,33.344,14.120999999999999,23.67,1.4079,17.546
412,18.656,50.343,2595.8,27.249000000000002,49.326,3063.2,22.636,69.461,299.74,341.87,94.602,78.04,32.5,9.101,26.373,7.0046,17.297,1.7476,33.344,14.120999999999999,23.67,1.4079,17.546
413,18.656,49.778999999999996,2599.2,24.074,52.659,3067.0,22.730999999999998,69.374,293.86,342.23,94.639,77.884,32.616,9.0399,25.802,6.9176,18.637999999999998,1.7415,32.604,14.171,23.785999999999998,1.4649,17.354
414,18.656,49.648999999999994,2597.8,25.259,48.408,3067.8,24.221,69.245,291.1,341.27,94.663,77.41,32.616,9.0399,25.802,6.9176,18.637999999999998,1.7415,32.604,14.171,23.785999999999998,1.4649,17.354
415,18.656,50.688,2599.8,25.461,50.349,3067.7,22.371,69.054,289.22,342.09,94.62200000000001,77.792,32.67,9.1288,26.42,6.7821,18.326,1.7269,33.326,14.023,23.910999999999998,1.5088,17.116
416,15.229000000000001,50.037,2598.5,25.999000000000002,49.946000000000005,3067.2,24.113000000000003,68.892,282.86,341.92,94.694,77.71300000000001,32.67,9.1288,26.42,6.7821,18.326,1.7269,33.326,14.023,23.910999999999998,1.5088,17.116
417,15.229000000000001,49.81100000000001,2602.4,25.168000000000003,50.144,3068.9,23.553,68.727,278.55,342.13,94.553,77.87100000000001,32.382,9.1631,26.774,6.9134,17.892,1.7449,33.417,13.882,23.808000000000003,1.4280000000000002,17.452
418,15.229000000000001,49.613,2604.0,24.084,47.489,3070.6,22.293000000000003,68.59100000000001,275.27,341.95,94.574,77.809,32.382,9.1631,26.774,6.9134,17.892,1.7449,33.417,13.882,23.808000000000003,1.4280000000000002,17.452
419,15.229000000000001,49.799,2603.7,24.79,50.943999999999996,3071.8,23.396,68.449,270.72,341.83,94.539,77.569,32.259,9.1896,26.447,6.8052,18.045,1.7744,33.047,14.05,24.537,1.6161,16.961
420,15.229000000000001,50.4,2608.1,24.7,49.55,3074.7,22.276999999999997,68.236,266.48,341.77,94.772,77.77,32.259,9.1896,26.447,6.8052,18.045,1.7744,33.047,14.05,24.537,1.6161,16.961
421,17.852999999999998,49.653999999999996,2609.8,25.096,48.613,3076.4,22.982,68.045,260.48,341.83,94.485,77.441,31.818,8.9593,26.418000000000003,6.9317,18.046,1.734,32.731,14.017000000000001,23.889,1.4665,17.59
422,17.852999999999998,49.18,2611.3,24.087,50.513000000000005,3079.8,21.774,67.801,256.06,342.0,94.814,77.905,31.818,8.9593,26.418000000000003,6.9317,18.046,1.734,32.731,14.017000000000001,23.889,1.4665,17.59
423,17.852999999999998,48.21,2614.2,25.151,50.136,3082.6,23.725,67.563,247.86,342.11,94.59200000000001,77.62899999999999,31.997,9.0686,26.42,6.9089,18.535999999999998,1.7423,33.03,14.025,24.557,1.6391,17.343
424,17.852999999999998,51.248000000000005,2619.0,23.76,50.228,3085.4,21.829,67.32300000000001,244.09,342.57,94.742,77.788,31.997,9.0686,26.42,6.9089,18.535999999999998,1.7423,33.03,14.025,24.557,1.6391,17.343
425,17.852999999999998,49.373000000000005,2621.6,25.831,49.763999999999996,3089.8,24.471999999999998,67.127,240.87,342.35,94.594,77.777,32.246,9.0849,26.178,7.0688,17.965999999999998,1.724,32.506,13.925,24.543000000000003,1.5230000000000001,17.512999999999998
426,17.768,49.43600000000001,2630.0,25.587,50.803000000000004,3093.4,22.956,66.97,235.38,343.01,94.649,78.567,32.246,9.0849,26.178,7.0688,17.965999999999998,1.724,32.506,13.925,24.543000000000003,1.5230000000000001,17.512999999999998
427,17.768,48.582,2630.0,25.788,48.416000000000004,3096.5,21.928,66.848,229.86,342.88,94.744,77.55,32.262,8.9793,26.828000000000003,6.9417,18.092,1.6687,33.073,14.033,24.471999999999998,1.565,17.881
428,17.768,49.733999999999995,2629.9,25.101999999999997,49.702,3096.2,22.664,66.55,225.76,343.54,94.848,77.277,32.262,8.9793,26.828000000000003,6.9417,18.092,1.6687,33.073,14.033,24.471999999999998,1.565,17.881
429,17.768,49.081,2633.6,25.64,50.232,3099.0,23.113000000000003,66.219,219.33,343.59,94.818,77.251,32.078,8.9601,26.603,7.1132,18.21,1.7492,33.080999999999996,13.94,24.329,1.5969,17.758
430,17.768,48.958,2633.4,25.959,50.821000000000005,3101.2,22.985,65.855,214.13,343.61,94.96700000000001,77.30199999999999,32.078,8.9601,26.603,7.1132,18.21,1.7492,33.080999999999996,13.94,24.329,1.5969,17.758
431,18.123,51.09,2642.0,26.08,49.743,3104.8,22.842,65.541,209.97,344.32,94.905,78.006,32.475,8.9566,26.384,7.0353,18.188,1.7107,32.895,13.770999999999999,24.173000000000002,1.4253,17.332
432,18.123,49.94,2650.5,24.009,50.28,3111.5,23.189,65.32300000000001,204.59,344.65,94.88600000000001,77.985,32.475,8.9566,26.384,7.0353,18.188,1.7107,32.895,13.770999999999999,24.173000000000002,1.4253,17.332
433,18.123,48.82899999999999,2653.1,24.631,49.769,3117.0,23.47,65.164,194.95,344.77,94.81200000000001,77.711,32.452,8.8178,26.813000000000002,6.8834,18.548,1.7067,33.025,13.785,24.445,1.5746,17.62
434,18.123,49.782,2655.6,24.397,49.996,3119.1,23.023000000000003,64.907,191.08,345.06,94.916,77.241,32.452,8.8178,26.813000000000002,6.8834,18.548,1.7067,33.025,13.785,24.445,1.5746,17.62
435,18.123,50.943000000000005,2658.4,26.421,49.858999999999995,3121.4,21.976999999999997,64.59,186.2,345.54,94.852,77.242,32.859,8.863999999999999,27.195999999999998,6.9487,18.243,1.6744,32.708,13.66,24.371,1.7239,17.164
436,16.980999999999998,48.358999999999995,2658.6,26.122,48.958999999999996,3123.1,23.338,64.263,183.58,345.17,94.855,77.342,32.859,8.863999999999999,27.195999999999998,6.9487,18.243,1.6744,32.708,13.66,24.371,1.7239,17.164
437,16.980999999999998,51.423,2661.7,25.1,52.0,3124.3,22.987,63.989,177.03,345.68,94.76700000000001,77.051,32.39,8.825,26.495,7.0116,18.062,1.7162,32.84,13.655999999999999,24.441999999999997,1.5251,17.722
438,16.980999999999998,49.888999999999996,2665.8,23.916,49.285,3127.0,22.151,63.724,171.41,345.94,94.954,77.23,32.39,8.825,26.495,7.0116,18.062,1.7162,32.84,13.655999999999999,24.441999999999997,1.5251,17.722
439,16.980999999999998,50.993,2669.8,22.168000000000003,50.294,3130.1,21.296999999999997,63.465,167.49,345.69,94.85600000000001,77.403,31.881999999999998,8.7205,26.703000000000003,6.8837,18.275,1.6735,32.91,13.818,25.005,1.5799,17.284000000000002
440,16.980999999999998,49.161,2674.3,24.684,50.483999999999995,3134.0,22.605,63.196000000000005,162.08,345.54,94.867,77.709,31.881999999999998,8.7205,26.703000000000003,6.8837,18.275,1.6735,32.91,13.818,25.005,1.5799,17.284000000000002
441,20.988000000000003,49.766000000000005,2677.2,23.819000000000003,48.504,3139.6,21.660999999999998,63.026,160.59,346.08,94.775,77.62100000000001,32.321,8.7587,26.916,6.9969,18.102,1.6595,32.558,13.68,25.391,1.4967,17.739
442,20.988000000000003,51.113,2682.7,23.504,51.958999999999996,3142.2,22.721,62.832,154.36,345.98,94.611,77.447,32.321,8.7587,26.916,6.9969,18.102,1.6595,32.558,13.68,25.391,1.4967,17.739
443,20.988000000000003,49.582,2682.7,24.354,49.416000000000004,3144.0,22.932,62.65,151.65,346.5,94.82,77.336,31.959,8.7896,26.730999999999998,6.9995,17.852,1.6367,33.492,13.625,25.125,1.4989,17.552
444,20.988000000000003,50.659,2683.3,24.683000000000003,49.979,3144.2,24.557,62.42,148.68,346.74,94.727,77.051,31.959,8.7896,26.730999999999998,6.9995,17.852,1.6367,33.492,13.625,25.125,1.4989,17.552
445,20.988000000000003,51.371,2685.6,23.949,50.747,3146.5,22.706,62.2,143.86,346.38,94.846,77.207,32.2,8.7981,27.17,6.8473,18.469,1.6695,33.01,13.517000000000001,25.323,1.4116,17.684
446,18.184,49.3,2688.2,24.959,51.032,3148.9,22.872,61.995,142.12,346.66,94.67200000000001,77.236,32.2,8.7981,27.17,6.8473,18.469,1.6695,33.01,13.517000000000001,25.323,1.4116,17.684
447,18.184,49.95399999999999,2690.6,24.054000000000002,48.903999999999996,3149.3,23.122,61.825,137.72,346.78,94.723,77.083,31.941999999999997,8.7844,27.206,6.7216,18.219,1.67,32.87,13.504000000000001,25.198,1.5001,17.41
448,18.184,50.888000000000005,2689.9,26.872,49.43,3150.0,22.775,61.638999999999996,132.99,347.16,94.602,76.97,31.941999999999997,8.7844,27.206,6.7216,18.219,1.67,32.87,13.504000000000001,25.198,1.5001,17.41
449,18.184,49.253,2689.8,23.53,48.103,3150.0,22.206,61.435,129.33,346.99,94.603,76.985,32.013000000000005,8.6781,27.166999999999998,6.957999999999999,18.012999999999998,1.6634,33.228,13.508,25.184,1.274,17.622
450,18.184,49.184,2687.6,24.284000000000002,49.123999999999995,3148.0,23.123,61.25899999999999,129.16,347.4,94.399,76.717,32.013000000000005,8.6781,27.166999999999998,6.957999999999999,18.012999999999998,1.6634,33.228,13.508,25.184,1.274,17.622
451,17.886,49.492,2687.9,25.753,51.705,3147.8,23.043000000000003,61.11600000000001,130.11,346.6,94.616,76.934,31.995,8.6616,27.034000000000002,6.966,18.489,1.6425,32.843,13.455,25.079,1.4114,17.776
452,17.886,49.251000000000005,2686.2,24.156,49.995,3147.5,22.964000000000002,61.051,128.69,347.17,94.66799999999999,76.92399999999999,31.995,8.6616,27.034000000000002,6.966,18.489,1.6425,32.843,13.455,25.079,1.4114,17.776
453,17.886,50.293,2686.8,26.439,49.031000000000006,3145.1,23.166,60.981,126.07,346.95,94.573,76.858,32.863,8.6196,27.338,6.8785,17.854,1.6483,33.111999999999995,13.285,25.059,1.2947,17.362000000000002
454,17.886,50.626000000000005,2686.3,25.076,50.533,3144.8,23.881999999999998,60.948,126.42,346.98,94.70700000000001,77.193,32.863,8.6196,27.338,6.8785,17.854,1.6483,33.111999999999995,13.285,25.059,1.2947,17.362000000000002
455,17.886,50.833999999999996,2686.6,23.476999999999997,48.989,3143.4,23.865,60.935,122.94,346.93,94.61399999999999,76.78699999999999,32.279,8.847999999999999,27.406999999999996,6.8342,18.590999999999998,1.7435,33.3,13.604000000000001,25.785999999999998,1.3978,17.631
456,18.926,51.051,2681.8,24.916999999999998,48.926,3141.8,22.634,60.928000000000004,127.25,346.79,94.601,76.743,32.279,8.847999999999999,27.406999999999996,6.8342,18.590999999999998,1.7435,33.3,13.604000000000001,25.785999999999998,1.3978,17.631
457,18.926,50.544,2675.8,24.699,49.092,3138.5,21.775,60.868,123.65,346.12,94.552,76.367,32.611,8.6572,27.339000000000002,6.627999999999999,18.327,1.6519,32.812,13.554,25.589000000000002,1.2474,17.442999999999998
458,18.926,48.346000000000004,2673.0,24.337,49.938,3131.8,22.093000000000004,60.812,124.81,345.99,94.86,76.568,32.611,8.6572,27.339000000000002,6.627999999999999,18.327,1.6519,32.812,13.554,25.589000000000002,1.2474,17.442999999999998
459,18.926,49.428000000000004,2672.5,24.25,47.282,3131.0,22.778000000000002,60.79600000000001,123.93,345.19,94.384,76.979,31.945999999999998,8.8237,27.445,6.6077,18.455,1.6393,33.102,13.625,25.412,1.3215,17.595
460,18.926,47.748999999999995,2666.9,24.691,49.638000000000005,3127.1,24.276999999999997,60.841,124.09,344.9,94.579,76.751,31.945999999999998,8.8237,27.445,6.6077,18.455,1.6393,33.102,13.625,25.412,1.3215,17.595
461,19.367,49.586000000000006,2662.7,23.313000000000002,49.55,3125.8,22.493000000000002,60.911,127.7,344.12,94.352,76.53399999999999,31.680999999999997,8.8768,27.351,6.8427,18.326,1.6323,33.584,13.706,25.197,1.1568,17.766
462,19.367,49.133,2656.8,25.026999999999997,50.104,3120.9,22.551,60.956,126.86,343.7,94.48899999999999,76.562,31.680999999999997,8.8768,27.351,6.8427,18.326,1.6323,33.584,13.706,25.197,1.1568,17.766
463,19.367,50.662,2653.1,25.303,48.545,3116.6,23.691,61.04600000000001,125.65,343.33,94.51,76.733,32.453,8.6615,27.752,6.9031,18.393,1.6987,32.67,14.017000000000001,25.471999999999998,1.3982,17.779
464,19.367,49.918,2651.5,26.035999999999998,50.809,3115.0,23.552,61.153,127.5,342.44,94.605,76.755,32.453,8.6615,27.752,6.9031,18.393,1.6987,32.67,14.017000000000001,25.471999999999998,1.3982,17.779
465,19.367,50.901,2648.3,24.014,51.251000000000005,3111.2,23.38,61.244,128.11,341.71,94.729,77.197,32.1,8.9961,26.918000000000003,6.9711,17.837,1.6341,32.59,13.617,25.232,1.3615,17.68
466,17.63,49.943000000000005,2644.3,25.195,50.001999999999995,3108.9,23.219,61.42100000000001,130.22,341.09,94.714,77.045,32.1,8.9961,26.918000000000003,6.9711,17.837,1.6341,32.59,13.617,25.232,1.3615,17.68
467,17.63,49.903,2641.8,25.281,50.108999999999995,3107.4,22.601999999999997,61.54600000000001,132.03,341.38,94.83200000000001,76.994,31.962,9.0877,26.737,6.9444,18.724,1.6945,32.226,13.75,25.051,1.557,18.141
468,17.63,50.464,2639.6,25.445,49.073,3106.5,23.099,61.608000000000004,131.57,340.36,94.71,76.88,31.962,9.0877,26.737,6.9444,18.724,1.6945,32.226,13.75,25.051,1.557,18.141
469,17.63,50.989,2633.5,22.541,48.013000000000005,3101.7,22.885,61.735,132.0,339.43,94.916,76.596,31.642,8.692,27.043000000000003,6.9865,18.785,1.7088,32.152,13.839,25.055999999999997,1.4711,18.205
470,17.63,50.108000000000004,2632.2,25.388,49.731,3099.4,22.500999999999998,61.753,134.31,339.42,94.831,77.013,31.642,8.692,27.043000000000003,6.9865,18.785,1.7088,32.152,13.839,25.055999999999997,1.4711,18.205
471,17.224,50.931999999999995,2629.2,26.264,50.348,3098.2,23.414,61.857,139.49,339.04,94.93299999999999,76.771,32.173,9.0392,27.204,6.7905,18.925,1.6899,32.056,13.831,24.301,1.3491,18.232
472,17.224,50.206,2627.4,24.23,49.402,3098.5,22.69,61.943999999999996,140.35,338.06,94.87299999999999,76.76899999999999,32.173,9.0392,27.204,6.7905,18.925,1.6899,32.056,13.831,24.301,1.3491,18.232
473,17.224,47.467,2625.7,24.358,48.897,3095.6,23.254,62.081,143.07,338.02,94.95,76.896,31.881999999999998,9.1625,26.802,6.8126,18.951,1.6666,32.231,13.824000000000002,24.586,1.3892,18.590999999999998
474,17.224,50.455,2623.2,23.521,50.577,3094.7,22.98,62.248999999999995,143.58,337.12,94.699,77.38,31.881999999999998,9.1625,26.802,6.8126,18.951,1.6666,32.231,13.824000000000002,24.586,1.3892,18.590999999999998
475,17.224,49.861000000000004,2621.4,24.665,51.146,3094.1,22.274,62.451,148.05,336.67,94.87899999999999,77.10600000000001,31.976,8.9874,26.57,6.757000000000001,18.867,1.7046,32.482,13.735999999999999,24.604,1.2194,18.662
476,18.51,49.708999999999996,2617.8,26.04,50.593,3091.8,22.858,62.598,152.33,336.16,94.616,77.07,31.976,8.9874,26.57,6.757000000000001,18.867,1.7046,32.482,13.735999999999999,24.604,1.2194,18.662
477,18.51,49.51,2614.3,26.24,49.76,3088.7,22.849,62.722,152.66,335.56,94.915,76.877,31.467,9.1134,26.416,6.7918,19.37,1.6884,32.059,13.884,24.217,1.1915,19.024
478,18.51,49.728,2615.6,26.854,48.68600000000001,3087.5,23.285,62.846000000000004,155.53,336.32,94.70200000000001,77.33800000000001,31.467,9.1134,26.416,6.7918,19.37,1.6884,32.059,13.884,24.217,1.1915,19.024
479,18.51,48.309,2611.9,24.39,51.016999999999996,3087.0,22.71,63.015,158.63,334.98,94.706,77.25,31.588,8.9874,26.495,6.8152,19.096,1.7069,32.308,13.783,24.163,1.4291,18.567999999999998
480,18.51,50.24100000000001,2609.4,23.641,51.835,3085.9,23.816,63.155,160.35,334.27,94.67399999999999,77.143,31.588,8.9874,26.495,6.8152,19.096,1.7069,32.308,13.783,24.163,1.4291,18.567999999999998
